Num_of_Elem,Density_calc,dHmix,dSmix,Atom.Size.Diff,Elect.Diff,VEC,Phases
5.0,8.470881725,-8.395061728,13.14594406,3.737504762,0.049615808,4.555555556,BCC_SS
5.0,6.606534579,-9.351800554,13.33280622,3.863331752,0.232764906,4.684210526,BCC_SS
5.0,7.075664374,-4.041522491,12.70837022,4.003399323,0.243216622,4.882352941,BCC_SS
5.0,8.805485735,-4.816608997,12.70837022,3.832439709,0.05017616,4.647058824,BCC_SS
5.0,7.128849756,-3.35600907,12.56917544,4.017794358,0.244332586,4.904761905,BCC_SS
6.0,7.71,-4.86,13.46,4.5,0.11,4.34,BCC_SS
6.0,7.71,-4.86,13.46,4.5,0.11,4.34,BCC_SS
6.0,7.71,-4.86,13.46,4.5,0.11,4.34,BCC_SS
5.0,5.785823445,-10.96,12.22898133,6.018491588,0.046861498,4.6,BCC_SS
5.0,6.827812983,-7.012345679,13.14594406,3.93239278,0.237834884,4.777777778,BCC_SS
5.0,6.73636013,-8.015122873,13.24232516,3.904515056,0.235770867,4.739130435,BCC_SS
5.0,6.065323057,-13.81818182,13.2546386,3.669956489,0.219190849,4.454545455,BCC_SS
5.0,5.64713986,-15.40740741,13.14594406,5.232513176,0.037646832,4.444444444,BCC_SS
5.0,5.64713986,-15.40740741,13.14594406,5.232513176,0.037646832,4.444444444,BCC_SS
5.0,5.64713986,-15.40740741,13.14594406,5.232513176,0.037646832,4.444444444,Im
5.0,5.64713986,-15.40740741,13.14594406,5.232513176,0.037646832,4.444444444,Im
5.0,6.57,-13.6,13.38,4.87,0.23,4.8,FCC_SS
5.0,6.57,-13.6,13.38,4.87,0.23,4.8,FCC_SS
5.0,6.57,-13.6,13.38,4.87,0.23,4.8,FCC_SS
5.0,6.57,-13.6,13.38,4.87,0.23,4.8,FCC_SS
5.0,6.57,-13.6,13.38,4.87,0.23,4.8,FCC_SS
5.0,6.407773123,-11.04,13.38161053,3.796497761,0.227982455,4.6,BCC_SS
4.0,9.599763191,-2.75,11.52629192,4.086753027,0.265459507,5.0,BCC_SS
5.0,6.85,-15.12,12.51,3.07,0.08,4.2,BCC_SS
5.0,6.85,-15.12,12.51,3.07,0.08,4.2,BCC_SS
5.0,6.85,-15.12,12.51,3.07,0.08,4.2,BCC_SS
5.0,7.89,-13.44,13.38,3.16,0.05,4.4,BCC_SS
5.0,10.39624111,0.871231589,12.44557018,4.416208731,0.101210115,4.614770459,BCC_SS
5.0,10.39624111,0.871231589,12.44557018,4.416208731,0.101210115,4.614770459,BCC_SS
5.0,10.39624111,0.871231589,12.44557018,4.416208731,0.101210115,4.614770459,BCC_SS
5.0,10.39624111,0.871231589,12.44557018,4.416208731,0.101210115,4.614770459,BCC_SS
5.0,7.889823331,-0.25,12.96707842,5.730437906,0.258988417,4.5,BCC_SS
5.0,7.889823331,-0.25,12.96707842,5.730437906,0.258988417,4.5,BCC_SS
5.0,9.910915715,2.72,13.38161053,4.99441746,0.118253964,4.4,BCC_SS
4.0,8.431908695,2.36,12.84151644,4.915964063,0.118594899,4.3,BCC_SS
4.0,8.431908695,2.36,12.84151644,4.915964063,0.118594899,4.3,BCC_SS
4.0,8.431908695,2.36,12.84151644,4.915964063,0.118594899,4.3,BCC_SS
4.0,8.431908695,2.36,12.84151644,4.915964063,0.118594899,4.3,BCC_SS
4.0,8.431908695,2.36,12.84151644,4.915964063,0.118594899,4.3,BCC_SS
4.0,8.431908695,2.36,12.84151644,4.915964063,0.118594899,4.3,BCC_SS
4.0,8.431908695,2.36,12.84151644,4.915964063,0.118594899,4.3,BCC_SS
4.0,8.431908695,2.36,12.84151644,4.915964063,0.118594899,4.3,BCC_SS
4.0,8.431908695,2.36,12.84151644,4.915964063,0.118594899,4.3,BCC_SS
4.0,8.431908695,2.36,12.84151644,4.915964063,0.118594899,4.3,BCC_SS
4.0,8.431908695,2.36,12.84151644,4.915964063,0.118594899,4.3,BCC_SS
4.0,8.431908695,2.36,12.84151644,4.915964063,0.118594899,4.3,BCC_SS
4.0,8.431908695,2.36,12.84151644,4.915964063,0.118594899,4.3,BCC_SS
4.0,8.431908695,2.36,12.84151644,4.915964063,0.118594899,4.3,BCC_SS
4.0,8.431908695,2.36,12.84151644,4.915964063,0.118594899,4.3,BCC_SS
4.0,8.431908695,2.36,12.84151644,4.915964063,0.118594899,4.3,BCC_SS
4.0,8.431908695,2.36,12.84151644,4.915964063,0.118594899,4.3,BCC_SS
4.0,8.431908695,2.36,12.84151644,4.915964063,0.118594899,4.3,BCC_SS
4.0,8.431908695,2.36,12.84151644,4.915964063,0.118594899,4.3,BCC_SS
4.0,8.431908695,2.36,12.84151644,4.915964063,0.118594899,4.3,BCC_SS
4.0,8.431908695,2.36,12.84151644,4.915964063,0.118594899,4.3,BCC_SS
5.0,8.493765586,0.98,11.44944891,4.495453867,0.114716771,4.1,BCC_SS
6.0,9.922611245,2.467120181,14.33614554,5.272716799,0.189533381,4.476190476,BCC_SS
6.0,9.933453944,2.247933884,14.69798576,5.486928917,0.232176194,4.545454545,BCC_SS
5.0,8.294155814,-2.188365651,12.6484181,8.125950407,0.165384845,4.394736842,BCC_SS
5.0,8.294155814,-2.188365651,12.6484181,8.125950407,0.165384845,4.394736842,BCC_SS
5.0,8.294155814,-2.188365651,12.6484181,8.125950407,0.165384845,4.394736842,BCC_SS
6.0,9.943533814,2.056710775,14.85564568,5.653424959,0.262094227,4.608695652,BCC_SS
5.0,8.7,-1.6,13.38,5.06,0.31,4.6,BCC_SS
5.0,8.7,-1.6,13.38,5.06,0.31,4.6,BCC_SS
5.0,8.7,-1.6,13.38,5.06,0.31,4.6,BCC_SS
5.0,8.7,-1.6,13.38,5.06,0.31,4.6,BCC_SS
5.0,9.9,2.72,13.38,4.01,0.12,4.4,BCC_SS
5.0,9.9,2.72,13.38,4.01,0.12,4.4,BCC_SS
5.0,9.9,2.72,13.38,4.01,0.12,4.4,BCC_SS
5.0,9.9,2.72,13.38,4.01,0.12,4.4,BCC_SS
5.0,9.9,2.72,13.38,4.01,0.12,4.4,BCC_SS
5.0,9.9,2.72,13.38,4.01,0.12,4.4,BCC_SS
5.0,9.9,2.72,13.38,4.01,0.12,4.4,BCC_SS
5.0,9.9,2.72,13.38,4.01,0.12,4.4,BCC_SS
5.0,9.9,2.72,13.38,4.01,0.12,4.4,BCC_SS
5.0,9.9,2.72,13.38,4.01,0.12,4.4,BCC_SS
5.0,9.9,2.72,13.38,4.01,0.12,4.4,BCC_SS
5.0,9.9,2.72,13.38,4.01,0.12,4.4,BCC_SS
5.0,9.9,2.72,13.38,4.01,0.12,4.4,BCC_SS
4.0,11.06,3.5,11.53,3.95,0.12,4.5,BCC_SS
4.0,10.20859028,1.75,11.52629192,4.851813611,0.10401322,4.25,BCC_SS
5.0,6.614127369,0.795847751,11.62138489,6.082539185,0.160399857,4.441176471,BCC_SS
5.0,6.78040681,-0.277777778,12.31867362,6.200685176,0.213663482,4.527777778,BCC_SS
5.0,6.696356442,-1.254732288,12.82599837,7.007082731,0.197323903,4.604651163,BCC_SS
5.0,6.932026792,-1.135734072,12.6484181,6.280554938,0.247688063,4.605263158,BCC_SS
5.0,6.832962954,-1.777777778,13.14594406,6.969406971,0.228089218,4.666666667,BCC_SS
5.0,7.07084407,-1.825,12.79604395,6.331916559,0.271583205,4.675,BCC_SS
5.0,6.959372709,-2.209144409,13.30882902,6.926019286,0.250581939,4.723404255,BCC_SS
5.0,7.424872496,-3.194706994,12.72470095,6.375459348,0.312228786,4.847826087,BCC_SS
5.0,7.287688658,-3.104307583,13.33102043,6.774937147,0.291553089,4.867924528,BCC_SS
5.0,7.525832041,-3.489583333,12.61433915,6.366013885,0.319847986,4.895833333,BCC_SS
5.0,13.08270575,-6.14532872,12.70837022,2.48584137,0.363138949,5.411764706,BCC_SS
5.0,9.946702431,-2.864197531,13.14594406,3.687352332,0.249121915,5.111111111,BCC_SS
5.0,9.645668822,-2.703601108,13.33280622,3.745276683,0.245168267,5.052631579,BCC_SS
5.0,12.85,-4.5,11.53,3.49,0.34,5.25,BCC_SS
4.0,10.66950133,-3.25,11.52629192,3.464885924,0.257135665,5.25,BCC_SS
4.0,13.64,-6.5,11.53,2.27,0.36,5.5,BCC_SS
4.0,13.64,-6.5,11.53,2.27,0.36,5.5,BCC_SS
4.0,13.64,-6.5,11.53,2.27,0.36,5.5,BCC_SS
4.0,13.64,-6.5,11.53,2.27,0.36,5.5,BCC_SS
4.0,13.64,-6.5,11.53,2.27,0.36,5.5,BCC_SS
4.0,13.64,-6.5,11.53,2.27,0.36,5.5,BCC_SS
4.0,13.64,-6.5,11.53,2.27,0.36,5.5,BCC_SS
4.0,13.64,-6.5,11.53,2.27,0.36,5.5,BCC_SS
4.0,7.355181187,-2.75,11.52629192,4.075838919,0.248935233,5.0,BCC_SS
5.0,7.25840086,-2.617631152,12.82599837,6.370142047,0.296132452,4.76744186,BCC_SS
5.0,7.13,-2.72,13.38,5.77,0.28,4.8,BCC_SS
4.0,9.16,-0.25,11.53,3.53,0.05,4.75,BCC_SS
4.0,6.524809509,1.432506887,10.83685823,6.004910204,0.117480436,4.393939394,BCC_SS
3.0,8.54,-1.33,9.13,0.75,0.03,9.0,FCC_SS
4.0,7.737887735,-11.83431953,10.68652014,2.025282421,0.032490326,8.615384615,FCC_SS
4.0,7.119174974,-19.42857143,11.23935679,2.657710254,0.031943828,8.285714286,Im
4.0,6.627500825,-24.96,11.46807317,3.045362707,0.031382939,8.0,Im
4.0,7.900548046,-6.059171598,10.68652014,3.944930256,0.076999962,8.538461538,FCC_SS
4.0,7.387194216,-9.469387755,11.23935679,5.123177534,0.097079811,8.142857143,FCC_PLUS_BCC
4.0,6.966082836,-11.94666667,11.46807317,5.804983778,0.109390229,7.8,FCC_PLUS_BCC
4.0,8.17,-3.75,11.53,1.03,0.1,8.25,FCC_SS
5.0,8.200662107,-5.473010986,12.21211163,2.297778533,0.101487899,8.168413356,Im
5.0,8.20778646,-6.276635953,12.42064438,2.770916035,0.103631001,8.128760529,Im
5.0,8.214511789,-7.024812729,12.58718805,3.146080126,0.105576867,8.090822634,Im
5.0,8.22699924,-8.38502061,12.83886672,3.728360702,0.108998224,8.019043196,Im
5.0,8.239312478,-9.685938539,13.02986481,4.205658448,0.112136079,7.946509519,Im
5.0,6.72,-12.32,13.38,5.25,0.12,7.2,BCC_SS
5.0,6.72,-12.32,13.38,5.25,0.12,7.2,BCC_SS
5.0,6.72,-12.32,13.38,5.25,0.12,7.2,BCC_SS
5.0,6.72,-12.32,13.38,5.25,0.12,7.2,BCC_SS
6.0,6.662956709,-15.3479431,13.9216461,8.009933435,0.160336536,7.137254902,Im
6.0,6.602336832,-18.13609467,14.22238699,9.668804706,0.189783433,7.076923077,Im
6.0,6.543363513,-20.70487718,14.43271079,11.0199694,0.213397811,7.018867925,Im
6.0,6.485970566,-23.07270233,14.58583089,12.16929417,0.233101001,6.962962963,Im
6.0,6.430095303,-25.25619835,14.69798576,13.17225701,0.249938835,6.909090909,Im
6.0,6.171507923,-33.88888889,14.8975162,16.85609558,0.308040401,6.666666667,Im
6.0,6.8,-12.13,13.92,5.3,0.13,7.18,BCC_SS
6.0,6.89,-11.95,14.22,5.35,0.14,7.15,Im
6.0,6.969186113,-11.77643289,14.43271079,5.770073848,0.146647598,7.132075472,Im
6.0,7.04,-11.6,14.59,5.44,0.15,7.11,Im
6.0,7.11,-11.44,14.7,5.47,0.16,7.09,Im
5.0,6.72,-12.32,13.38,5.25,0.12,7.2,BCC_SS
6.0,6.777073377,-13.31795463,13.9216461,5.918861194,0.12190182,7.156862745,BCC_SS
6.0,6.849513582,-14.65759637,14.33614554,6.098683245,0.123615232,7.095238095,Im
6.0,6.958059832,-16.52892562,14.69798576,6.331848469,0.125829479,7.0,Im
6.0,6.460047303,-16.39053254,14.22238699,6.018496556,0.120529527,7.076923077,BCC_SS
6.0,6.224993453,-19.83539095,14.58583089,6.213811095,0.120333328,6.962962963,BCC_SS
6.0,6.015254165,-22.75510204,14.77893904,6.373344257,0.120010097,6.857142857,BCC_SS
6.0,5.826948949,-25.23186683,14.87154905,6.504079923,0.119586088,6.75862069,Im
6.0,5.656951884,-27.33333333,14.8975162,6.611299931,0.119082138,6.666666667,Im
5.0,7.841713198,-17.05785124,14.69798576,4.822178394,0.122359719,8.363636364,FCC_SS
7.0,7.124653711,-10.84297521,15.74583048,5.968017454,0.130877521,7.636363636,FCC_PLUS_BCC
7.0,6.784659882,-14.38842975,15.54807926,6.381032408,0.132989312,7.272727273,BCC_SS
6.0,6.44,-17.92,14.7,6.12,0.13,6.91,BCC_SS
6.0,6.23,-21.56,14.9,6.58,0.14,6.67,BCC_SS
6.0,6.06,-23.91,14.79,6.84,0.15,6.46,Im
5.0,8.025760676,-4.16,13.38,0.92,0.14,8.0,FCC_SS
6.0,7.917904415,-5.297052154,14.33614554,3.287511245,0.138098522,7.857142857,FCC_SS
6.0,7.821545363,-6.214876033,14.69798576,3.295001536,0.137594445,7.727272727,FCC_SS
6.0,7.734938183,-6.956521739,14.85564568,3.294550407,0.136911656,7.608695652,Im
6.0,7.656673792,-7.555555556,14.8975162,3.288078437,0.136096371,7.5,Im
3.0,8.28,-4.89,9.13,1.12,0.11,8.33,FCC_SS
4.0,6.314858074,-13.25,11.52629192,5.957194447,0.118953773,7.0,BCC_SS
5.0,6.486249288,-12.65306122,12.56917544,6.204006605,0.14744229,6.714285714,BCC_SS
5.0,6.781541404,-11.85185185,13.14594406,6.112177396,0.172225806,6.666666667,BCC_SS
5.0,7.033549078,-11.14583333,13.35141737,6.015400008,0.188402919,6.625,Im
6.0,7.62,-1.52,14.7,3.82,0.11,8.27,FCC_SS
6.0,7.07,-4.78,14.9,4.82,0.12,7.83,FCC_PLUS_BCC
6.0,6.27,-8.65,14.53,5.71,0.13,7.14,FCC_PLUS_BCC
5.0,6.604060314,-2.684310019,13.24232516,5.75975798,0.123320475,7.391304348,Im
5.0,6.686598736,-3.402777778,13.35141737,5.693612317,0.123883906,7.5,Im
5.0,6.763408628,-4.0,13.38161053,5.628086233,0.124161186,7.6,Im
5.0,6.835066367,-4.49704142,13.35788527,5.563457859,0.124213502,7.692307692,Im
5.0,6.902073515,-4.910836763,13.2962002,5.499922873,0.124087893,7.777777778,Im
6.0,7.07,-4.78,14.9,4.82,0.12,7.83,FCC_PLUS_BCC
4.0,8.4,2.5,11.53,4.12,0.13,4.25,BCC_SS
4.0,6.655937237,-3.52,11.07635214,7.746075475,0.273890489,4.8,BCC_SS
5.0,8.025760676,-4.16,13.38,0.92,0.14,8.0,FCC_SS
5.0,8.025760676,-4.16,13.38,0.92,0.14,8.0,FCC_SS
5.0,8.7,-1.6,13.38,5.06,0.31,4.6,Im
5.0,8.025760676,-4.16,13.38,0.92,0.14,8.0,FCC_SS
5.0,7.904708836,-4.83203125,10.86752061,3.597630783,0.147477488,6.28125,BCC_SS
5.0,8.666826103,-5.148788927,11.74934157,4.168428293,0.183776229,6.235294118,BCC_SS
5.0,9.888782982,-5.628808864,12.70370305,4.820751784,0.230952502,6.157894737,Im
5.0,7.33,-9.09,13.15,4.22,0.11,7.67,FCC_SS
5.0,7.33,-9.09,13.15,4.22,0.11,7.67,FCC_PLUS_BCC
6.0,3.1606035,-11.29251701,9.380428289,8.222182534,0.140859042,4.142857143,Im
6.0,3.181657904,-13.2244898,9.380428289,8.199725945,0.146292039,4.238095238,Im
6.0,3.189401967,-8.69,8.971948351,7.416174014,0.127400942,4.05,Im
5.0,3.201567018,-13.06,8.971948351,7.042966472,0.128913731,4.1,Im
6.0,3.274886342,-15.22,8.971948351,7.600568278,0.144370184,3.95,Im
5.0,8.702267947,-3.2,13.38161053,6.097271121,0.309554519,4.6,BCC_SS
6.0,7.07,-4.78,14.9,4.82,0.12,7.83,Im
6.0,6.44,-17.92,14.7,6.12,0.13,6.91,BCC_SS
6.0,7.99,-4.92,14.53,7.13,0.22,4.9,Im
5.0,6.72,-12.32,13.38,5.25,0.12,7.2,Im
5.0,6.72,-12.32,13.38,5.25,0.12,7.2,Im
5.0,6.72,-12.32,13.38,5.25,0.12,7.2,Im
5.0,6.72,-12.32,13.38,5.25,0.12,7.2,Im
5.0,6.72,-12.32,13.38,5.25,0.12,7.2,Im
5.0,6.72,-12.32,13.38,5.25,0.12,7.2,Im
6.0,7.07,-4.78,14.9,4.82,0.12,7.83,FCC_PLUS_BCC
6.0,7.07,-4.78,14.9,4.82,0.12,7.83,FCC_PLUS_BCC
6.0,7.07,-4.78,14.9,4.82,0.12,7.83,FCC_PLUS_BCC
6.0,7.07,-4.78,14.9,4.82,0.12,7.83,FCC_PLUS_BCC
6.0,7.07,-4.78,14.9,4.82,0.12,7.83,FCC_PLUS_BCC
6.0,7.07,-4.78,14.9,4.82,0.12,7.83,FCC_PLUS_BCC
6.0,7.07,-4.78,14.9,4.82,0.12,7.83,FCC_PLUS_BCC
5.0,12.36,-4.64,13.38,3.21,0.34,5.4,BCC_SS
6.0,8.379820089,-4.2436,12.52475172,4.591778618,0.276687839,5.41,Im
6.0,7.91567082,-31.11815301,14.53503029,9.442048204,0.256563457,4.531914894,Im
6.0,8.485372575,-16.36560303,14.16626487,7.879095001,0.254130827,4.581395349,BCC_SS
6.0,7.91567082,-31.11815301,14.53503029,9.442048204,0.256563457,4.531914894,BCC_SS
6.0,7.91567082,-31.11815301,14.53503029,9.442048204,0.256563457,4.531914894,BCC_SS
5.0,6.72,-12.32,13.38,5.25,0.12,7.2,BCC_SS
5.0,6.72,-12.32,13.38,5.25,0.12,7.2,Im
5.0,6.72,-12.32,13.38,5.25,0.12,7.2,Im
5.0,6.72,-12.32,13.38,5.25,0.12,7.2,Im
5.0,6.72,-12.32,13.38,5.25,0.12,7.2,Im
5.0,6.72,-12.32,13.38,5.25,0.12,7.2,Im
5.0,6.72,-12.32,13.38,5.25,0.12,7.2,Im
5.0,6.72,-12.32,13.38,5.25,0.12,7.2,BCC_SS
5.0,6.72,-12.32,13.38,5.25,0.12,7.2,BCC_SS
5.0,6.72,-12.32,13.38,5.25,0.12,7.2,BCC_SS
5.0,6.72,-12.32,13.38,5.25,0.12,7.2,BCC_SS
6.0,6.44,-17.92,14.7,6.12,0.13,6.91,BCC_SS
6.0,6.44,-17.92,14.7,6.12,0.13,6.91,BCC_SS
6.0,6.44,-17.92,14.7,6.12,0.13,6.91,BCC_SS
6.0,6.44,-17.92,14.7,6.12,0.13,6.91,BCC_SS
5.0,7.32940384,-4.32,13.38161053,5.618669177,0.224535075,5.2,BCC_SS
5.0,7.304112348,-6.4,13.38161053,8.19461295,0.274546899,5.0,Im
5.0,8.025760676,-4.16,13.38,0.92,0.14,8.0,Im
5.0,8.025760676,-4.16,13.38,0.92,0.14,8.0,FCC_SS
5.0,8.025760676,-4.16,13.38,0.92,0.14,8.0,FCC_SS
5.0,8.025760676,-4.16,13.38,0.92,0.14,8.0,FCC_SS
5.0,8.025760676,-4.16,13.38,0.92,0.14,8.0,FCC_SS
5.0,8.025760676,-4.16,13.38,0.92,0.14,8.0,FCC_SS
4.0,8.17,-3.75,11.53,1.03,0.1,8.25,FCC_SS
4.0,8.17,-3.75,11.53,1.03,0.1,8.25,FCC_SS
4.0,8.17,-3.75,11.53,1.03,0.1,8.25,FCC_SS
4.0,8.17,-3.75,11.53,1.03,0.1,8.25,FCC_SS
4.0,8.17,-3.75,11.53,1.03,0.1,8.25,FCC_SS
4.0,8.17,-3.75,11.53,1.03,0.1,8.25,FCC_SS
6.0,6.609062303,-14.85207101,14.22238699,6.229766254,0.126774388,7.076923077,Im
6.0,6.504571222,-16.98216735,14.58583089,6.575134688,0.131697788,6.962962963,Im
6.0,6.609062303,-14.85207101,14.22238699,6.229766254,0.126774388,7.076923077,BCC_SS
6.0,6.609062303,-14.85207101,14.22238699,6.229766254,0.126774388,7.076923077,BCC_SS
6.0,6.609062303,-14.85207101,14.22238699,6.229766254,0.126774388,7.076923077,BCC_SS
6.0,6.609062303,-14.85207101,14.22238699,6.229766254,0.126774388,7.076923077,BCC_SS
6.0,6.504571222,-16.98216735,14.58583089,6.575134688,0.131697788,6.962962963,BCC_SS
6.0,6.504571222,-16.98216735,14.58583089,6.575134688,0.131697788,6.962962963,BCC_SS
6.0,6.504571222,-16.98216735,14.58583089,6.575134688,0.131697788,6.962962963,BCC_SS
3.0,8.28,-4.89,9.13,1.12,0.11,8.33,FCC_SS
3.0,8.28,-4.89,9.13,1.12,0.11,8.33,FCC_SS
3.0,8.28,-4.89,9.13,1.12,0.11,8.33,FCC_SS
3.0,8.28,-4.89,9.13,1.12,0.11,8.33,FCC_SS
3.0,8.28,-4.89,9.13,1.12,0.11,8.33,FCC_SS
3.0,8.28,-4.89,9.13,1.12,0.11,8.33,FCC_SS
3.0,8.28,-4.89,9.13,1.12,0.11,8.33,FCC_SS
3.0,8.28,-4.89,9.13,1.12,0.11,8.33,FCC_SS
5.0,9.37,-2.56,13.38,3.34,0.24,5.0,BCC_SS
4.0,6.64,-5.0,11.53,7.84,0.12,4.75,BCC_SS
5.0,8.7,-1.6,13.38,5.06,0.31,4.6,BCC_SS
5.0,9.9,2.72,13.38,4.01,0.12,4.4,BCC_SS
5.0,8.190507447,0.4375,12.96707842,6.440523166,0.134530433,4.25,BCC_SS
5.0,7.872809981,1.469387755,12.88596992,6.802239355,0.137410453,4.428571429,BCC_SS
5.0,8.569015185,-2.125,12.96707842,5.703787685,0.270497227,4.375,BCC_SS
5.0,9.309718284,0.875,12.96707842,4.862116278,0.118215904,4.25,BCC_SS
3.0,9.975229265,3.111111111,9.134370237,1.064065164,0.041096093,4.666666667,BCC_SS
4.0,7.491418361,2.64,10.92382327,4.991703425,0.109859001,4.4,BCC_SS
4.0,6.594663456,-0.96,10.92382327,7.023519911,0.121082616,4.5,BCC_SS
5.0,6.72,-12.32,13.38,5.25,0.12,7.2,Im
5.0,6.72,-12.32,13.38,5.25,0.12,7.2,Im
5.0,6.72,-12.32,13.38,5.25,0.12,7.2,Im
5.0,6.72,-12.32,13.38,5.25,0.12,7.2,Im
5.0,6.72,-12.32,13.38,5.25,0.12,7.2,Im
5.0,6.72,-12.32,13.38,5.25,0.12,7.2,Im
6.0,8.546797305,-5.040562466,12.82599837,4.754310304,0.10130303,4.395348837,BCC_SS
6.0,8.318837085,-8.987654321,13.14594406,4.697177857,0.101555799,4.333333333,BCC_SS
6.0,9.1,-11.55,14.86,4.23,0.12,4.22,BCC_SS
4.0,8.925666912,2.5,11.52629192,4.839726937,0.100343161,4.5,BCC_SS
4.0,8.657564412,2.364444444,11.47306725,4.690570866,0.097662116,4.466666667,BCC_SS
4.0,8.386262973,2.224444444,11.3205112,4.534353886,0.094799643,4.433333333,BCC_SS
4.0,8.111704994,2.08,11.07635214,4.37030807,0.09173876,4.4,BCC_SS
4.0,7.83383149,1.931111111,10.74540772,4.197504306,0.088458873,4.366666667,BCC_SS
5.0,10.77298381,-7.04,13.38161053,7.65394798,0.355662762,5.0,Im
6.0,11.68,-4.89,14.9,4.78,0.32,5.5,Im
6.0,11.68,-4.89,14.9,4.78,0.32,5.5,Im
6.0,11.68,-4.89,14.9,4.78,0.32,5.5,Im
5.0,7.056892659,-4.973006811,13.38160786,5.612451827,0.111524469,8.197916667,BCC_SS
5.0,7.056892659,-4.973006811,13.38160786,5.612451827,0.111524469,8.197916667,FCC_PLUS_BCC
5.0,7.056892659,-4.973006811,13.38160786,5.612451827,0.111524469,8.197916667,FCC_PLUS_BCC
3.0,8.28,-4.89,9.13,1.12,0.11,8.33,FCC_SS
4.0,6.46,-0.25,11.53,6.03,0.12,4.5,BCC_SS
5.0,5.76,-17.44,13.38,5.53,0.11,4.2,BCC_SS
5.0,5.540863957,-16.75193337,12.198543,4.420373774,0.052617394,4.243902439,Im
5.0,5.587998462,-17.38408304,12.70837022,4.966561777,0.070332871,4.235294118,Im
5.0,5.65713141,-18.17283951,13.14594406,5.607337231,0.089083121,4.222222222,Im
5.0,5.76,-17.44,13.38,5.53,0.11,4.2,Im
5.0,5.853909651,-19.30578512,13.2546386,6.72027796,0.121437669,4.181818182,Im
5.0,8.025760676,-4.16,13.38,0.92,0.14,8.0,FCC_SS
4.0,8.17,-3.75,11.53,1.03,0.1,8.25,FCC_SS
5.0,8.025760676,-4.16,13.38,0.92,0.14,8.0,FCC_SS
5.0,8.025760676,-4.16,13.38,0.92,0.14,8.0,FCC_SS
4.0,8.17,-3.75,11.53,1.03,0.1,8.25,FCC_SS
4.0,8.17,-3.75,11.53,1.03,0.1,8.25,FCC_SS
5.0,8.025760676,-4.16,13.38161053,3.269463577,0.138361844,8.0,FCC_SS
5.0,8.025760676,-4.16,13.38161053,3.269463577,0.138361844,8.0,FCC_SS
5.0,9.9,2.72,13.38,4.01,0.12,4.4,BCC_SS
4.0,8.4,2.5,11.53,4.12,0.13,4.25,BCC_SS
4.0,8.4,2.5,11.53,4.12,0.13,4.25,BCC_SS
5.0,8.493765586,-10.245,11.44944891,4.495453867,0.114716771,4.1,BCC_SS
4.0,10.68815608,1.790123457,11.35814929,4.752695773,0.105240759,4.277777778,BCC_SS
4.0,10.8281302,1.795918367,11.23935679,4.708270791,0.105424313,4.285714286,BCC_SS
4.0,10.97780806,1.799307958,11.07132439,4.652904584,0.105538658,4.294117647,BCC_SS
4.0,7.2301821,2.26,10.72500744,4.65247045,0.101797593,4.35,BCC_SS
4.0,6.661832874,2.14,9.996163975,4.583851177,0.10219956,4.3,BCC_SS
4.0,7.796933033,2.36,11.18422299,4.717914152,0.101354576,4.4,BCC_SS
4.0,8.362092405,2.44,11.44258394,4.780298313,0.100869966,4.45,BCC_SS
4.0,8.925666912,2.5,11.52629192,4.839726937,0.100343161,4.5,BCC_SS
5.0,9.37,-2.56,13.38,3.34,0.24,5.0,BCC_SS
5.0,9.37,-2.56,13.38,3.34,0.24,5.0,BCC_SS
5.0,9.37,-2.56,13.38,3.34,0.24,5.0,Im
5.0,6.72,-12.32,13.38,5.25,0.12,7.2,BCC_SS
6.0,6.699123077,-13.07692308,14.22238699,5.680701531,0.121601736,7.115384615,BCC_SS
6.0,6.663791786,-13.95041322,14.69798576,5.543349113,0.122575664,7.0,BCC_SS
6.0,6.632458546,-14.57788347,14.87154905,5.415173375,0.123026635,6.896551724,BCC_SS
6.0,6.613467917,-14.88888889,14.8975162,5.334355642,0.123107902,6.833333333,BCC_SS
5.0,5.878985717,-15.44444444,12.97646755,6.6780149,0.126622799,6.5,Im
6.0,5.953084994,-17.2,13.8774309,6.792446097,0.129786577,6.533333333,Im
6.0,6.063594244,-19.33333333,14.53497229,6.95835874,0.134316686,6.583333333,Im
6.0,6.173342941,-20.86666667,14.84171088,7.117831292,0.138610566,6.633333333,BCC_SS
6.0,6.23,-21.56,14.9,6.58,0.14,6.67,Im
6.0,6.318504962,-21.97777778,14.84171088,7.321195919,0.14400463,6.7,Im
4.0,8.4,2.5,11.53,4.12,0.13,4.25,BCC_SS
5.0,7.880052679,-10.96296296,13.14594406,4.957906842,0.1331202,4.111111111,BCC_SS
5.0,7.650199416,-15.64542936,13.33280622,4.969833989,0.133767069,4.052631579,BCC_SS
5.0,7.439877924,-19.36,13.38161053,4.968270135,0.133955216,4.0,BCC_SS
5.0,7.2467001,-22.31292517,13.34553197,4.95666278,0.133805287,3.952380952,BCC_SS
5.0,7.068651913,-24.66115702,13.2546386,4.937539432,0.133404251,3.909090909,BCC_SS
5.0,7.428940236,-10.99730873,11.05609168,4.444703117,0.118924761,8.019607843,Im
5.0,7.428940236,-10.99730873,11.05609168,4.444703117,0.118924761,8.019607843,FCC_SS
5.0,7.428940236,-10.99730873,11.05609168,4.444703117,0.118924761,8.019607843,Im
6.0,7.544302414,-7.5184,14.40897963,4.345955752,0.130196621,7.71,Im
4.0,7.715282655,-0.96,9.923722948,4.045008413,0.138289551,7.5,FCC_SS
5.0,8.025760676,-4.16,13.38161053,3.269463577,0.138361844,8.0,FCC_SS
5.0,8.025760676,-4.16,13.38161053,3.269463577,0.138361844,8.0,FCC_SS
5.0,8.025760676,-4.16,13.38,0.92,0.14,8.0,FCC_SS
5.0,6.068935026,-6.8576,11.29799536,5.289095698,0.109284766,4.24,BCC_SS
5.0,6.068935026,-6.8576,11.29799536,5.289095698,0.109284766,4.24,Im
4.0,7.760129907,-0.92,9.713640154,3.833181374,0.132075736,7.6,Im
4.0,7.690438695,-0.882,9.650030892,4.092070055,0.1392543,7.46,FCC_SS
4.0,7.760129907,-0.92,9.713640154,3.833181374,0.132075736,7.6,FCC_SS
5.0,8.400470171,-6.826618379,11.59727816,2.462154283,0.103645634,8.659574468,FCC_SS
6.0,7.388644866,-13.9748,13.30361728,5.655462385,0.122434105,8.07,Im
6.0,7.388644866,-13.9748,13.30361728,5.655462385,0.122434105,8.07,Im
5.0,7.926436279,-7.346938776,12.56917544,3.658435996,0.111625792,8.047619048,FCC_SS
6.0,7.732722037,-4.383742911,13.99403985,3.647211565,0.106545916,8.086956522,FCC_SS
6.0,7.732722037,-4.383742911,13.99403985,3.647211565,0.106545916,8.086956522,FCC_SS
5.0,8.03,-4.16,13.38,0.92,0.14,8.0,FCC_SS
5.0,8.03,-4.16,13.38,0.92,0.14,8.0,FCC_SS
5.0,8.03,-4.16,13.38,0.92,0.14,8.0,FCC_SS
5.0,8.03,-4.16,13.38,0.92,0.14,8.0,FCC_SS
5.0,8.686830363,-4.444444444,12.56917544,7.254736767,0.338068409,4.571428571,BCC_SS
5.0,7.924909869,-3.7232,13.22962036,3.262141651,0.135458481,7.76,FCC_SS
4.0,6.184842846,-4.089746244,10.77141625,6.319443553,0.048822023,4.8,BCC_SS
4.0,6.184842846,-4.089746244,10.77141625,6.319443553,0.048822023,4.8,Im
5.0,9.9,2.72,13.38,4.01,0.12,4.4,BCC_SS
6.0,11.20730067,-3.222222222,14.8975162,5.720897965,0.354483192,4.666666667,BCC_SS
7.0,11.08932892,-2.93877551,16.17919618,6.024071519,0.38134563,4.857142857,BCC_SS
5.0,7.33,-9.09,13.15,4.22,0.11,7.67,FCC_PLUS_BCC
5.0,7.33,-9.09,13.15,4.22,0.11,7.67,FCC_PLUS_BCC
5.0,7.33,-9.09,13.15,4.22,0.11,7.67,FCC_PLUS_BCC
5.0,7.33,-9.09,13.15,4.22,0.11,7.67,FCC_PLUS_BCC
7.0,7.453086934,-13.03169786,12.47259103,5.45784,0.11814667,8.24,Im
6.0,7.432029989,-14.63666667,12.91925854,5.631744257,0.12911663,8.091666667,Im
6.0,7.432029989,-14.63666667,12.91925854,5.631744257,0.12911663,8.091666667,Im
4.0,6.52433557,-1.777777778,10.58454586,6.956581546,0.123107902,4.222222222,BCC_SS
5.0,6.6292353,-1.019390582,11.74184049,6.815842839,0.122467702,4.263157895,BCC_SS
4.0,6.72390148,-0.4,12.22898133,6.682543255,0.12163881,4.3,BCC_SS
5.0,6.809761971,0.108843537,12.48236446,6.556163114,0.120678355,4.333333333,BCC_SS
5.0,6.887990805,0.52892562,12.60229632,6.436207738,0.119627521,4.363636364,BCC_SS
6.0,8.436944231,-24.77777778,14.8975162,10.92413122,0.257601113,6.833333333,BCC_SS
5.0,6.73,-12.32,13.38,5.78,0.12,7.2,BCC_SS
6.0,7.07,-4.78,14.9,4.82,0.12,7.83,BCC_SS
6.0,7.083622569,-11.94453931,13.2671945,5.422491548,0.124400344,7.652892562,Im
5.0,8.025760676,-4.16,13.38161053,3.269463577,0.138361844,8.0,FCC_SS
4.0,8.4,2.5,11.53,4.12,0.13,4.25,BCC_SS
5.0,8.31,-4.04,12.57,2.51,0.12,8.14,FCC_SS
5.0,8.31,-4.04,12.57,2.51,0.12,8.14,FCC_SS
5.0,8.31,-4.04,12.57,2.51,0.12,8.14,FCC_SS
5.0,8.31,-4.04,12.57,2.51,0.12,8.14,FCC_SS
5.0,8.31,-4.04,12.57,2.51,0.12,8.14,Im
5.0,8.31,-4.04,12.57,2.51,0.12,8.14,Im
5.0,6.471585556,-34.1,10.50003754,9.260965256,0.212569988,7.0,Im
5.0,6.705104011,-33.2,12.51150515,10.20926813,0.23471046,7.0,Im
5.0,6.821779186,-29.7219997,13.21207256,10.47752111,0.242639159,7.00029997,Im
6.0,7.691658339,-31.88,13.66413435,9.961332928,0.239298976,7.0,Im
6.0,8.349606817,-30.38,14.81676354,10.61019434,0.258810259,7.0,Im
6.0,8.5,-23.52,13.38,10.21,0.26,6.4,Im
4.0,7.110005157,-2.25,11.52629192,3.545392507,0.102072278,6.5,BCC_SS
5.0,7.07566865,2.186791383,11.38813601,3.081938936,0.098349024,6.476190476,FCC_PLUS_BCC
5.0,7.114770999,2.37654321,11.98251164,3.248968031,0.10315808,6.555555556,FCC_PLUS_BCC
5.0,7.149092989,2.520616319,12.32346653,3.361580698,0.106926652,6.625,FCC_PLUS_BCC
5.0,7.19336934,2.675736961,12.56917544,3.466126823,0.111239155,6.714285714,FCC_PLUS_BCC
6.0,10.96954219,-4.222222222,14.8975162,3.575640761,0.334086649,5.166666667,FCC_PLUS_BCC
5.0,8.33,3.2,13.38,1.07,0.09,8.8,FCC_SS
6.0,8.358058555,-14.247936,14.24271136,2.916370967,0.101501559,8.648,FCC_SS
6.0,8.371280937,-15.385344,14.62889906,3.893664566,0.109192058,8.496,Im
6.0,8.383943652,-16.372224,14.8266012,4.588923987,0.115607169,8.344,Im
6.0,8.396081499,-17.208576,14.89617139,5.120715665,0.12095,8.192,Im
7.0,8.416976063,-8.898629818,6.184287693,6.628898048,0.155123334,8.280032689,FCC_SS
7.0,8.416976063,-8.898629818,6.184287693,6.628898048,0.155123334,8.280032689,FCC_SS
5.0,9.54117187,-4.38133432,7.656429182,3.596367647,0.202048919,7.7255,FCC_SS
5.0,9.538744927,-4.47743052,7.687645172,3.699123334,0.202645099,7.723,FCC_SS
5.0,9.536803051,-4.554247,7.709559926,3.779302323,0.203120386,7.721,FCC_SS
5.0,9.529518466,-4.84183,7.782229784,4.065808637,0.20488977,7.7135,FCC_SS
5.0,9.526603504,-4.95665152,7.808791533,4.174863091,0.205591884,7.7105,FCC_SS
5.0,9.54117187,-4.38133432,7.656429182,3.596367647,0.202048919,7.7255,FCC_SS
5.0,9.538744927,-4.47743052,7.687645172,3.699123334,0.202645099,7.723,FCC_SS
5.0,9.536803051,-4.554247,7.709559926,3.779302323,0.203120386,7.721,FCC_SS
5.0,9.529518466,-4.84183,7.782229784,4.065808637,0.20488977,7.7135,FCC_SS
5.0,9.526603504,-4.95665152,7.808791533,4.174863091,0.205591884,7.7105,FCC_SS
5.0,9.143995687,-1.76,13.38161053,5.462505288,0.28168067,4.8,BCC_SS
5.0,4.514533752,-15.87,12.51150515,8.027943668,0.128874939,5.55,Im
7.0,4.132065906,-7.91,11.35887596,6.79109952,0.141438149,4.95,Im
6.0,6.427991268,-10.93333333,13.28429997,5.975627732,0.153899759,7.377777778,Im
5.0,2.770112343,-1.47506,5.649761888,4.811561816,0.120148564,3.325,Im
4.0,2.758612773,-1.096988712,4.559688538,4.151515189,0.103345495,3.25,Im
4.0,2.734147962,-0.769115999,3.466071806,3.487370173,0.086814558,3.161338661,Im
5.0,6.07,-10.86,13.15,5.76,0.11,4.33,Im
4.0,5.417762038,-16.988272,11.51925398,3.920845644,0.033543964,4.217,BCC_SS
5.0,3.89,-6.08,13.38,5.16,0.33,4.4,Im
5.0,3.05,-0.53,6.47,3.36,0.17,3.35,Im
5.0,2.91,-1.14,6.47,3.85,0.17,3.7,Im
5.0,6.79,-11.4,12.8,5.54,0.12,7.2,Im
5.0,8.03,-4.16,13.38,0.92,0.14,8.0,FCC_SS
5.0,8.03,-4.16,13.38,0.92,0.14,8.0,FCC_SS
5.0,6.485415758,-12.48,13.38161053,5.827707431,0.136,6.8,BCC_SS
5.0,6.485415758,-12.48,13.38161053,5.827707431,0.136,6.8,FCC_PLUS_BCC
5.0,6.485415758,-12.48,13.38161053,5.827707431,0.136,6.8,FCC_PLUS_BCC
5.0,6.485415758,-12.48,13.38161053,5.827707431,0.136,6.8,Im
5.0,6.485415758,-12.48,13.38161053,5.827707431,0.136,6.8,Im
5.0,7.33,-9.09,13.15,4.22,0.11,7.67,FCC_PLUS_BCC
5.0,7.33,-9.09,13.15,4.22,0.11,7.67,FCC_PLUS_BCC
5.0,7.33,-9.09,13.15,4.22,0.11,7.67,FCC_PLUS_BCC
5.0,7.33,-9.09,13.15,4.22,0.11,7.67,Im
5.0,7.33,-9.09,13.15,4.22,0.11,7.67,Im
5.0,7.33,-9.09,13.15,4.22,0.11,7.67,Im
5.0,7.33,-9.09,13.15,4.22,0.11,7.67,FCC_PLUS_BCC
5.0,7.33,-9.09,13.15,4.22,0.11,7.67,FCC_PLUS_BCC
6.0,7.736324934,-5.1292,13.91569271,3.985354213,0.108064795,8.33,FCC_SS
6.0,7.736324934,-5.1292,13.91569271,3.985354213,0.108064795,8.33,FCC_SS
6.0,7.600796932,-2.650887574,16.00634718,4.425912803,0.13887545,8.076923077,FCC_PLUS_BCC
6.0,7.600796932,-2.650887574,16.00634718,4.425912803,0.13887545,8.076923077,Im
6.0,7.600796932,-2.650887574,16.00634718,4.425912803,0.13887545,8.076923077,FCC_SS
4.0,8.17,-3.75,11.53,1.03,0.1,8.25,FCC_SS
5.0,8.039665753,-5.591695502,12.70837022,1.335027542,0.103916389,8.058823529,FCC_SS
5.0,7.912837028,-7.012345679,13.14594406,1.757830503,0.108979554,7.888888889,Im
5.0,7.822778129,-7.913082843,13.30882902,1.980681889,0.111952101,7.765957447,Im
5.0,7.781040559,-8.298611111,13.35141737,2.069154559,0.113161635,7.708333333,Im
5.0,7.74128875,-8.646397334,13.37453678,2.146135286,0.114216451,7.653061224,Im
5.0,7.70338428,-8.96,13.38161053,2.213558747,0.115134704,7.6,Im
6.0,7.98180378,-6.120576,13.71341705,5.08415353,0.158232912,7.96,FCC_SS
6.0,7.98180378,-6.120576,13.71341705,5.08415353,0.158232912,7.96,FCC_SS
6.0,7.98180378,-6.120576,13.71341705,5.08415353,0.158232912,7.96,FCC_SS
6.0,8.016986146,-4.55535104,13.47480184,3.704961557,0.142592305,7.992,FCC_SS
6.0,8.016986146,-4.55535104,13.47480184,3.704961557,0.142592305,7.992,FCC_SS
6.0,8.016986146,-4.55535104,13.47480184,3.704961557,0.142592305,7.992,FCC_SS
6.0,8.016986146,-4.55535104,13.47480184,3.704961557,0.142592305,7.992,FCC_SS
6.0,8.003874311,-5.142411887,13.57597572,4.272583477,0.148651873,7.980059821,FCC_SS
6.0,8.003874311,-5.142411887,13.57597572,4.272583477,0.148651873,7.980059821,FCC_SS
6.0,8.003874311,-5.142411887,13.57597572,4.272583477,0.148651873,7.980059821,FCC_SS
6.0,8.003874311,-5.142411887,13.57597572,4.272583477,0.148651873,7.980059821,Im
6.0,7.990822066,-5.72239944,13.66069023,4.769705563,0.154404701,7.968190855,FCC_SS
6.0,7.990822066,-5.72239944,13.66069023,4.769705563,0.154404701,7.968190855,FCC_SS
6.0,7.990822066,-5.72239944,13.66069023,4.769705563,0.154404701,7.968190855,Im
6.0,7.990822066,-5.72239944,13.66069023,4.769705563,0.154404701,7.968190855,Im
5.0,7.99,-5.04,12.2,2.3,0.1,8.12,FCC_SS
5.0,7.99,-5.04,12.2,2.3,0.1,8.12,FCC_SS
5.0,7.99,-5.04,12.2,2.3,0.1,8.12,FCC_SS
5.0,7.99,-5.04,12.2,2.3,0.1,8.12,FCC_SS
5.0,8.03,-4.16,13.38,0.92,0.14,8.0,FCC_SS
5.0,8.03,-4.16,13.38,0.92,0.14,8.0,Im
5.0,8.03,-4.16,13.38,0.92,0.14,8.0,Im
5.0,8.03,-4.16,13.38,0.92,0.14,8.0,FCC_SS
5.0,8.03,-4.16,13.38,0.92,0.14,8.0,FCC_SS
5.0,8.03,-4.16,13.38,0.92,0.14,8.0,FCC_SS
5.0,8.03,-4.16,13.38,0.92,0.14,8.0,FCC_SS
5.0,7.08,-11.94,12.91,5.38,0.12,7.7,FCC_PLUS_BCC
5.0,7.08,-11.94,12.91,5.38,0.12,7.7,FCC_PLUS_BCC
5.0,7.08,-11.94,12.91,5.38,0.12,7.7,FCC_PLUS_BCC
5.0,7.08,-11.94,12.91,5.38,0.12,7.7,FCC_PLUS_BCC
5.0,7.08,-11.94,12.91,5.38,0.12,7.7,FCC_PLUS_BCC
5.0,7.08,-11.94,12.91,5.38,0.12,7.7,FCC_PLUS_BCC
5.0,7.08,-11.94,12.91,5.38,0.12,7.7,FCC_PLUS_BCC
5.0,7.08,-11.94,12.91,5.38,0.12,7.7,FCC_PLUS_BCC
5.0,7.08,-11.94,12.91,5.38,0.12,7.7,FCC_PLUS_BCC
5.0,7.08,-11.94,12.91,5.38,0.12,7.7,FCC_PLUS_BCC
5.0,7.08,-11.94,12.91,5.38,0.12,7.7,FCC_PLUS_BCC
5.0,7.08,-11.94,12.91,5.38,0.12,7.7,FCC_PLUS_BCC
5.0,7.08,-11.94,12.91,5.38,0.12,7.7,FCC_PLUS_BCC
5.0,7.929630605,-5.82,11.61262282,1.739286365,0.092714616,8.1,FCC_SS
5.0,7.930000747,-5.36,11.85892612,1.732527204,0.090138782,8.0,FCC_SS
5.0,7.930370606,-4.9,11.06508518,1.724828537,0.087384209,7.9,Im
4.0,7.93055543,-4.67,9.87162138,1.720623695,0.085934568,7.85,Im
5.0,6.72,-12.32,13.38,5.25,0.12,7.2,Im
5.0,6.779539742,-11.6888,13.34191504,5.68775101,0.118057782,7.24,Im
5.0,6.888932523,-10.4312,13.04996086,5.485776742,0.112695874,7.32,Im
5.0,6.944083627,-9.8048,12.80964765,5.373010106,0.109824587,7.36,Im
5.0,6.72,-12.32,13.38,5.25,0.12,7.2,BCC_SS
6.0,6.44,-17.92,14.7,6.12,0.13,6.91,BCC_SS
5.0,7.372379037,-7.5744,12.62984004,4.429915505,0.103058187,7.65,Im
6.0,7.600796932,-2.650887574,16.00634718,4.425912803,0.13887545,8.076923077,FCC_PLUS_BCC
5.0,8.587067955,-4.2928,11.58277271,2.18471415,0.120166551,8.5,FCC_SS
5.0,8.587067955,-4.2928,11.58277271,2.18471415,0.120166551,8.5,FCC_SS
5.0,8.587067955,-4.2928,11.58277271,2.18471415,0.120166551,8.5,FCC_SS
5.0,8.587067955,-4.2928,11.58277271,2.18471415,0.120166551,8.5,FCC_SS
5.0,8.587067955,-4.2928,11.58277271,2.18471415,0.120166551,8.5,FCC_SS
5.0,8.587067955,-4.2928,11.58277271,2.18471415,0.120166551,8.5,FCC_SS
5.0,8.03,-4.16,13.38,0.92,0.14,8.0,FCC_SS
4.0,6.458459772,-15.5,11.52629192,6.134075267,0.131624466,7.0,Im
5.0,6.72,-12.32,13.38,5.25,0.12,7.2,Im
3.0,8.28,-4.89,9.13,1.12,0.11,8.33,FCC_SS
3.0,8.28,-4.89,9.13,1.12,0.11,8.33,FCC_SS
6.0,7.871764882,-6.26,13.37699643,2.403624139,0.113643082,7.95,FCC_SS
6.0,7.871764882,-6.26,13.37699643,2.403624139,0.113643082,7.95,Im
6.0,7.871764882,-6.26,13.37699643,2.403624139,0.113643082,7.95,Im
6.0,7.871764882,-6.26,13.37699643,2.403624139,0.113643082,7.95,Im
6.0,7.871764882,-6.26,13.37699643,2.403624139,0.113643082,7.95,Im
6.0,7.871764882,-6.26,13.37699643,2.403624139,0.113643082,7.95,Im
5.0,8.202820612,-2.335,10.59100584,2.092874289,0.09995499,8.025,Im
5.0,8.202820612,-2.335,10.59100584,2.092874289,0.09995499,8.025,FCC_SS
5.0,8.202820612,-2.335,10.59100584,2.092874289,0.09995499,8.025,FCC_SS
5.0,8.202820612,-2.335,10.59100584,2.092874289,0.09995499,8.025,FCC_SS
5.0,8.252868013,-2.331,10.62440675,2.514010548,0.111132309,7.92,Im
5.0,8.252868013,-2.331,10.62440675,2.514010548,0.111132309,7.92,Im
5.0,8.252868013,-2.331,10.62440675,2.514010548,0.111132309,7.92,FCC_SS
5.0,8.252868013,-2.331,10.62440675,2.514010548,0.111132309,7.92,FCC_SS
6.0,7.07,-4.78,14.9,4.82,0.12,7.83,FCC_PLUS_BCC
6.0,7.07,-4.78,14.9,4.82,0.12,7.83,FCC_PLUS_BCC
6.0,7.07,-4.78,14.9,4.82,0.12,7.83,FCC_PLUS_BCC
6.0,7.07,-4.78,14.9,4.82,0.12,7.83,FCC_PLUS_BCC
6.0,7.07,-4.78,14.9,4.82,0.12,7.83,FCC_PLUS_BCC
6.0,7.07,-4.78,14.9,4.82,0.12,7.83,FCC_PLUS_BCC
6.0,7.07,-4.78,14.9,4.82,0.12,7.83,FCC_PLUS_BCC
6.0,7.07,-4.78,14.9,4.82,0.12,7.83,FCC_PLUS_BCC
6.0,7.07,-4.78,14.9,4.82,0.12,7.83,FCC_PLUS_BCC
6.0,7.07,-4.78,14.9,4.82,0.12,7.83,FCC_PLUS_BCC
6.0,7.07,-4.78,14.9,4.82,0.12,7.83,FCC_PLUS_BCC
6.0,7.07,-4.78,14.9,4.82,0.12,7.83,FCC_PLUS_BCC
6.0,7.07,-4.78,14.9,4.82,0.12,7.83,FCC_PLUS_BCC
5.0,7.15,-16.84,14.53,4.34,0.22,4.3,BCC_SS
5.0,7.15,-16.84,14.53,4.34,0.22,4.3,BCC_SS
5.0,7.15,-16.84,14.53,4.34,0.22,4.3,BCC_SS
6.0,9.09,-6.33,14.5,4.11,0.12,4.32,BCC_SS
6.0,9.09,-6.33,14.5,4.11,0.12,4.32,BCC_SS
6.0,9.09,-6.33,14.5,4.11,0.12,4.32,BCC_SS
6.0,9.09,-6.33,14.5,4.11,0.12,4.32,BCC_SS
5.0,9.9,2.72,13.38,4.01,0.12,4.4,BCC_SS
5.0,7.15,-16.84,14.53,4.34,0.22,4.3,Im
5.0,6.85,-15.12,12.51,3.07,0.08,4.2,BCC_SS
5.0,6.85,-15.12,12.51,3.07,0.08,4.2,BCC_SS
5.0,6.85,-15.12,12.51,3.07,0.08,4.2,BCC_SS
6.0,9.09,-6.33,14.5,4.11,0.12,4.32,BCC_SS
6.0,9.09,-6.33,14.5,4.11,0.12,4.32,BCC_SS
6.0,9.09,-6.33,14.5,4.11,0.12,4.32,BCC_SS
5.0,8.546797305,-5.040562466,12.82599837,4.754310304,0.10130303,4.395348837,BCC_SS
5.0,8.546797305,-5.040562466,12.82599837,4.754310304,0.10130303,4.395348837,BCC_SS
5.0,8.546797305,-5.040562466,12.82599837,4.754310304,0.10130303,4.395348837,BCC_SS
6.0,7.71,-4.86,13.46,4.5,0.11,4.34,BCC_SS
6.0,7.71,-4.86,13.46,4.5,0.11,4.34,BCC_SS
6.0,7.71,-4.86,13.46,4.5,0.11,4.34,BCC_SS
6.0,7.56,-8.62,13.78,4.23,0.1,4.3,BCC_SS
6.0,7.56,-8.62,13.78,4.23,0.1,4.3,BCC_SS
6.0,7.56,-8.62,13.78,4.23,0.1,4.3,BCC_SS
4.0,5.5,-16.25,11.53,3.3,0.03,4.25,BCC_SS
4.0,5.5,-16.25,11.53,3.3,0.03,4.25,BCC_SS
4.0,5.5,-16.25,11.53,3.3,0.03,4.25,BCC_SS
4.0,5.5,-16.25,11.53,3.3,0.03,4.25,BCC_SS
5.0,8.06,0.16,13.38,6.08,0.14,4.4,Im
5.0,8.06,0.16,13.38,6.08,0.14,4.4,BCC_SS
5.0,8.06,0.16,13.38,6.08,0.14,4.4,BCC_SS
5.0,8.06,0.16,13.38,6.08,0.14,4.4,BCC_SS
5.0,8.06,0.16,13.38,6.08,0.14,4.4,Im
5.0,8.252868031,-4.0,13.38161053,8.626538583,0.144996552,4.6,Im
5.0,8.252868031,-4.0,13.38161053,8.626538583,0.144996552,4.6,Im
5.0,8.252868031,-4.0,13.38161053,8.626538583,0.144996552,4.6,Im
5.0,8.252868031,-4.0,13.38161053,8.626538583,0.144996552,4.6,Im
5.0,8.252868031,-4.0,13.38161053,8.626538583,0.144996552,4.6,Im
6.0,7.99,-4.92,14.53,7.13,0.22,4.9,Im
6.0,7.99,-4.92,14.53,7.13,0.22,4.9,Im
6.0,7.99,-4.92,14.53,7.13,0.22,4.9,Im
6.0,7.99,-4.92,14.53,7.13,0.22,4.9,Im
4.0,6.46,-0.25,11.53,6.03,0.12,4.5,BCC_SS
4.0,6.46,-0.25,11.53,6.03,0.12,4.5,BCC_SS
4.0,6.46,-0.25,11.53,6.03,0.12,4.5,BCC_SS
4.0,6.46,-0.25,11.53,6.03,0.12,4.5,BCC_SS
4.0,6.411901676,-0.96,11.07635214,7.480507608,0.112889326,4.6,BCC_SS
4.0,6.370234728,-1.444444444,10.33033108,7.497465242,0.107703296,4.666666667,BCC_SS
4.0,6.338674258,-1.632653061,9.592743656,7.369032927,0.102678416,4.714285714,BCC_SS
4.0,6.313940928,-1.6875,8.925931309,7.187440703,0.098075226,4.75,BCC_SS
4.0,6.64,-5.0,11.53,7.84,0.12,4.75,Im
4.0,6.64,-5.0,11.53,7.84,0.12,4.75,Im
4.0,6.64,-5.0,11.53,7.84,0.12,4.75,Im
4.0,6.64,-5.0,11.53,7.84,0.12,4.75,Im
5.0,6.56,-4.64,13.38,7.67,0.12,4.8,Im
5.0,6.56,-4.64,13.38,7.67,0.12,4.8,Im
5.0,6.56,-4.64,13.38,7.67,0.12,4.8,Im
5.0,6.56,-4.64,13.38,7.67,0.12,4.8,Im
5.0,8.702267947,-3.2,13.38161053,6.097271121,0.309554519,4.6,BCC_SS
5.0,8.702267947,-3.2,13.38161053,6.097271121,0.309554519,4.6,BCC_SS
5.0,8.702267947,-3.2,13.38161053,6.097271121,0.309554519,4.6,BCC_SS
5.0,9.9,2.72,13.38,4.01,0.12,4.4,BCC_SS
5.0,9.9,2.72,13.38,4.01,0.12,4.4,BCC_SS
5.0,9.9,2.72,13.38,4.01,0.12,4.4,BCC_SS
5.0,9.9,2.72,13.38,4.01,0.12,4.4,BCC_SS
5.0,9.9,2.72,13.38,4.01,0.12,4.4,BCC_SS
5.0,9.9,2.72,13.38,4.01,0.12,4.4,BCC_SS
5.0,9.9,2.72,13.38,4.01,0.12,4.4,BCC_SS
5.0,9.9,2.72,13.38,4.01,0.12,4.4,BCC_SS
5.0,9.9,2.72,13.38,4.01,0.12,4.4,BCC_SS
5.0,9.9,2.72,13.38,4.01,0.12,4.4,BCC_SS
5.0,12.36,-4.64,13.38,3.21,0.34,5.4,BCC_SS
5.0,12.36,-4.64,13.38,3.21,0.34,5.4,BCC_SS
5.0,12.36,-4.64,13.38,3.21,0.34,5.4,BCC_SS
5.0,12.36,-4.64,13.38,3.21,0.34,5.4,BCC_SS
5.0,12.36,-4.64,13.38,3.21,0.34,5.4,BCC_SS
5.0,12.36,-4.64,13.38,3.21,0.34,5.4,BCC_SS
4.0,13.64,-6.5,11.53,2.27,0.36,5.5,BCC_SS
4.0,13.64,-6.5,11.53,2.27,0.36,5.5,BCC_SS
4.0,13.64,-6.5,11.53,2.27,0.36,5.5,BCC_SS
4.0,13.64,-6.5,11.53,2.27,0.36,5.5,BCC_SS
4.0,13.64,-6.5,11.53,2.27,0.36,5.5,BCC_SS
5.0,12.36,-4.64,13.38,3.21,0.34,5.4,BCC_SS
5.0,12.36,-4.64,13.38,3.21,0.34,5.4,BCC_SS
5.0,12.36,-4.64,13.38,3.21,0.34,5.4,BCC_SS
5.0,12.36,-4.64,13.38,3.21,0.34,5.4,BCC_SS
5.0,12.36,-4.64,13.38,3.21,0.34,5.4,BCC_SS
4.0,3.899333313,-14.27664399,7.584109888,6.003747224,0.11075089,4.523809524,Im
5.0,8.03,-4.16,13.38,0.92,0.14,8.0,FCC_SS
5.0,7.887276237,-8.977422222,10.81920964,3.751220236,0.12265523,8.043333333,Im
4.0,8.19,-3.75,11.53,0.3,0.1,8.25,Im
6.0,7.767598763,-7.3763,13.03936365,3.706237868,0.109201648,7.955,Im
6.0,7.767598763,-7.3763,13.03936365,3.706237868,0.109201648,7.955,Im
6.0,7.767598763,-7.3763,13.03936365,3.706237868,0.109201648,7.955,Im
6.0,7.62,-1.52,14.7,3.82,0.11,8.27,Im
6.0,7.62,-1.52,14.7,3.82,0.11,8.27,Im
6.0,7.62,-1.52,14.7,3.82,0.11,8.27,Im
6.0,7.62,-1.52,14.7,3.82,0.11,8.27,Im
6.0,7.62,-1.52,14.7,3.82,0.11,8.27,Im
6.0,7.62,-1.52,14.7,3.82,0.11,8.27,Im
6.0,7.62,-1.52,14.7,3.82,0.11,8.27,Im
6.0,7.62,-1.52,14.7,3.82,0.11,8.27,Im
6.0,7.62,-1.52,14.7,3.82,0.11,8.27,Im
6.0,7.62,-1.52,14.7,3.82,0.11,8.27,Im
6.0,7.62,-1.52,14.7,3.82,0.11,8.27,Im
6.0,7.62,-1.52,14.7,3.82,0.11,8.27,Im
6.0,7.62,-1.52,14.7,3.82,0.11,8.27,Im
6.0,7.62,-1.52,14.7,3.82,0.11,8.27,Im
6.0,7.62,-1.52,14.7,3.82,0.11,8.27,Im
3.0,8.28,-4.89,9.13,1.12,0.11,8.33,FCC_SS
3.0,8.28,-4.89,9.13,1.12,0.11,8.33,FCC_SS
3.0,8.28,-4.89,9.13,1.12,0.11,8.33,FCC_SS
3.0,8.28,-4.89,9.13,1.12,0.11,8.33,FCC_SS
3.0,8.28,-4.89,9.13,1.12,0.11,8.33,FCC_SS
3.0,8.372634415,-5.777777778,9.134370237,3.73468262,0.163095064,8.666666667,FCC_SS
3.0,8.372634415,-5.777777778,9.134370237,3.73468262,0.163095064,8.666666667,FCC_SS
3.0,8.372634415,-5.777777778,9.134370237,3.73468262,0.163095064,8.666666667,FCC_SS
3.0,8.372634415,-5.777777778,9.134370237,3.73468262,0.163095064,8.666666667,FCC_SS
3.0,8.372634415,-5.777777778,9.134370237,3.73468262,0.163095064,8.666666667,FCC_SS
3.0,8.54,-1.33,9.13,0.75,0.03,9.0,FCC_SS
3.0,8.54,-1.33,9.13,0.75,0.03,9.0,FCC_SS
3.0,8.54,-1.33,9.13,0.75,0.03,9.0,FCC_SS
3.0,8.54,-1.33,9.13,0.75,0.03,9.0,FCC_SS
3.0,8.54,-1.33,9.13,0.75,0.03,9.0,FCC_SS
3.0,8.037856306,-4.444444444,9.134370237,3.928542706,0.154344492,8.333333333,FCC_SS
3.0,8.037856306,-4.444444444,9.134370237,3.928542706,0.154344492,8.333333333,FCC_SS
3.0,8.037856306,-4.444444444,9.134370237,3.928542706,0.154344492,8.333333333,FCC_SS
3.0,8.037856306,-4.444444444,9.134370237,3.928542706,0.154344492,8.333333333,FCC_SS
3.0,8.037856306,-4.444444444,9.134370237,3.928542706,0.154344492,8.333333333,FCC_SS
4.0,8.17,-3.75,11.53,1.03,0.1,8.25,FCC_SS
4.0,8.17,-3.75,11.53,1.03,0.1,8.25,FCC_SS
4.0,8.17,-3.75,11.53,1.03,0.1,8.25,FCC_SS
4.0,8.17,-3.75,11.53,1.03,0.1,8.25,FCC_SS
4.0,8.17,-3.75,11.53,1.03,0.1,8.25,FCC_SS
4.0,8.26,-4.0,11.53,0.66,0.14,8.5,FCC_SS
4.0,8.26,-4.0,11.53,0.66,0.14,8.5,FCC_SS
4.0,8.26,-4.0,11.53,0.66,0.14,8.5,FCC_SS
4.0,8.26,-4.0,11.53,0.66,0.14,8.5,FCC_SS
4.0,8.26,-4.0,11.53,0.66,0.14,8.5,FCC_SS
4.0,8.065458132,-5.5,11.52629192,3.446992938,0.150499169,8.0,FCC_SS
4.0,8.065458132,-5.5,11.52629192,3.446992938,0.150499169,8.0,FCC_SS
4.0,8.065458132,-5.5,11.52629192,3.446992938,0.150499169,8.0,FCC_SS
4.0,8.065458132,-5.5,11.52629192,3.446992938,0.150499169,8.0,FCC_SS
4.0,8.065458132,-5.5,11.52629192,3.446992938,0.150499169,8.0,FCC_SS
5.0,8.327142669,-12.76859504,13.01133249,6.235777745,0.224942601,6.272727273,BCC_SS
5.0,8.327142669,-12.76859504,13.01133249,6.235777745,0.224942601,6.272727273,Im
5.0,8.327142669,-12.76859504,13.01133249,6.235777745,0.224942601,6.272727273,Im
5.0,8.327142669,-12.76859504,13.01133249,6.235777745,0.224942601,6.272727273,Im
5.0,8.03,-4.16,13.38,0.92,0.14,8.0,FCC_SS
7.0,7.541513395,-38.20408163,16.17919618,15.89918052,0.31244918,7.0,FCC_SS
5.0,8.03,-4.16,13.38,0.92,0.14,8.0,FCC_SS
7.0,7.541513395,-38.20408163,16.17919618,15.89918052,0.31244918,7.0,FCC_SS
5.0,8.220116521,-7.640138408,12.70837022,3.422566258,0.107142824,8.058823529,Im
5.0,8.220116521,-7.640138408,12.70837022,3.422566258,0.107142824,8.058823529,Im
5.0,8.33,3.2,13.38,1.07,0.09,8.8,FCC_SS
5.0,7.790279977,-13.44,13.38161053,6.534212985,0.227191549,6.0,Im
5.0,8.547804774,-12.33560091,12.56917544,6.049819476,0.222844933,6.380952381,Im
5.0,8.327142669,-12.76859504,13.01133249,6.235777745,0.224942601,6.272727273,BCC_SS
5.0,8.225679421,-12.9382716,13.14594406,6.308580241,0.225684145,6.222222222,Im
5.0,7.790279977,-13.44,13.38161053,6.534212985,0.227191549,6.0,Im
6.0,6.571528178,-15.38461538,14.78505343,5.146767188,0.122759205,6.692307692,Im
4.0,6.992100479,-9.798,10.87153784,5.351956687,0.148163558,7.38,Im
5.0,6.924875452,-10.87543253,11.46079052,5.55053626,0.148891199,7.31372549,Im
5.0,6.924875452,-10.87543253,11.46079052,5.55053626,0.148891199,7.31372549,Im
5.0,6.861238055,-11.8635355,11.80885555,5.723897154,0.149505967,7.25,Im
5.0,6.861238055,-11.8635355,11.80885555,5.723897154,0.149505967,7.25,Im
5.0,6.861238055,-11.8635355,11.80885555,5.723897154,0.149505967,7.25,Im
5.0,6.800908559,-12.77002492,12.06471769,5.87601992,0.150019935,7.188679245,Im
5.0,6.800908559,-12.77002492,12.06471769,5.87601992,0.150019935,7.188679245,Im
5.0,6.924875452,-10.87543253,11.46079052,5.55053626,0.148891199,7.31372549,Im
4.0,6.870634339,-11.33,11.10051501,5.423557397,0.150847605,7.3,Im
4.0,6.931149464,-10.56,11.00376389,5.393118654,0.149570585,7.34,Im
4.0,6.915332266,-10.9216,10.95397309,5.316103858,0.15132746,7.3,Im
4.0,6.992100479,-9.798,10.87153784,5.351956687,0.148163558,7.38,Im
4.0,6.972144563,-10.222,10.84738881,5.270017825,0.150637446,7.33,Im
4.0,7.029321233,-9.5192,10.71904514,5.218919898,0.149931184,7.36,Im
4.0,7.082812618,-8.8868,10.55966527,5.146793324,0.149598262,7.38,Im
4.0,6.992100479,-9.798,10.87153784,5.351956687,0.148163558,7.38,Im
4.0,6.992100479,-9.798,10.87153784,5.351956687,0.148163558,7.38,Im
4.0,6.992100479,-9.798,10.87153784,5.351956687,0.148163558,7.38,Im
4.0,6.992100479,-9.798,10.87153784,5.351956687,0.148163558,7.38,Im
4.0,6.992100479,-9.798,10.87153784,5.351956687,0.148163558,7.38,Im
4.0,6.992100479,-9.798,10.87153784,5.351956687,0.148163558,7.38,Im
4.0,6.992100479,-9.798,10.87153784,5.351956687,0.148163558,7.38,Im
4.0,6.992100479,-9.798,10.87153784,5.351956687,0.148163558,7.38,Im
4.0,6.992100479,-9.798,10.87153784,5.351956687,0.148163558,7.38,Im
5.0,7.385875928,-6.553819444,12.61433915,4.546837188,0.135874227,7.479166667,BCC_SS
6.0,7.059399185,-7.674074074,13.28429997,5.397076994,0.132053861,7.044444444,BCC_SS
6.0,6.88018626,-11.35604938,13.28429997,5.066482224,0.132134611,7.044444444,Im
4.0,5.758848377,-23.25,11.52629192,6.924399486,0.166883193,7.0,FCC_SS
4.0,5.758848377,-23.25,11.52629192,6.924399486,0.166883193,7.0,FCC_SS
4.0,5.758848377,-23.25,11.52629192,6.924399486,0.166883193,7.0,FCC_SS
4.0,5.758848377,-23.25,11.52629192,6.924399486,0.166883193,7.0,FCC_SS
5.0,5.896768301,-19.955,13.29971261,7.168103603,0.157765451,6.975,FCC_SS
5.0,5.896768301,-19.955,13.29971261,7.168103603,0.157765451,6.975,FCC_SS
5.0,5.896768301,-19.955,13.29971261,7.168103603,0.157765451,6.975,FCC_SS
5.0,5.896768301,-19.955,13.29971261,7.168103603,0.157765451,6.975,FCC_SS
5.0,6.121404056,-17.6,13.38161053,7.162214461,0.153544782,7.2,FCC_SS
5.0,6.121404056,-17.6,13.38161053,7.162214461,0.153544782,7.2,FCC_SS
5.0,6.121404056,-17.6,13.38161053,7.162214461,0.153544782,7.2,FCC_SS
5.0,6.121404056,-17.6,13.38161053,7.162214461,0.153544782,7.2,FCC_SS
6.0,6.952532663,-15.52,14.53423972,6.252018873,0.13163966,7.3,FCC_PLUS_BCC
6.0,6.318504962,-21.97777778,14.84171088,7.321195919,0.14400463,6.7,FCC_PLUS_BCC
5.0,6.72,-12.32,13.38,5.25,0.12,7.2,BCC_SS
5.0,9.9,2.72,13.38,4.01,0.12,4.4,BCC_SS
5.0,9.9,2.72,13.38,4.01,0.12,4.4,BCC_SS
5.0,9.9,2.72,13.38,4.01,0.12,4.4,BCC_SS
5.0,9.9,2.72,13.38,4.01,0.12,4.4,BCC_SS
5.0,9.9,2.72,13.38,4.01,0.12,4.4,BCC_SS
5.0,9.9,2.72,13.38,4.01,0.12,4.4,BCC_SS
5.0,9.9,2.72,13.38,4.01,0.12,4.4,BCC_SS
5.0,9.9,2.72,13.38,4.01,0.12,4.4,BCC_SS
6.0,8.017003668,-4.554563528,13.47464902,3.704143663,0.142584003,7.992015968,FCC_SS
6.0,8.017003668,-4.554563528,13.47464902,3.704143663,0.142584003,7.992015968,FCC_SS
6.0,8.017003668,-4.554563528,13.47464902,3.704143663,0.142584003,7.992015968,FCC_SS
6.0,8.017003668,-4.554563528,13.47464902,3.704143663,0.142584003,7.992015968,FCC_SS
6.0,8.017003668,-4.554563528,13.47464902,3.704143663,0.142584003,7.992015968,FCC_SS
5.0,7.64,-7.27,12.83,3.49,0.11,7.88,FCC_SS
5.0,7.64,-7.27,12.83,3.49,0.11,7.88,FCC_SS
5.0,7.64,-7.27,12.83,3.49,0.11,7.88,Im
5.0,7.64,-7.27,12.83,3.49,0.11,7.88,Im
5.0,7.64,-7.27,12.83,3.49,0.11,7.88,Im
5.0,7.64,-7.27,12.83,3.49,0.11,7.88,Im
3.0,8.28,-4.89,9.13,1.12,0.11,8.33,FCC_SS
3.0,8.28,-4.89,9.13,1.12,0.11,8.33,FCC_SS
5.0,8.03,-4.16,13.38,0.92,0.14,8.0,FCC_SS
5.0,8.03,-4.16,13.38,0.92,0.14,8.0,FCC_SS
5.0,8.03,-4.16,13.38,0.92,0.14,8.0,FCC_SS
5.0,8.03,-4.16,13.38,0.92,0.14,8.0,FCC_SS
5.0,8.03,-4.16,13.38,0.92,0.14,8.0,FCC_SS
5.0,8.03,-4.16,13.38,0.92,0.14,8.0,FCC_SS
5.0,8.03,-4.16,13.38,0.92,0.14,8.0,FCC_SS
4.0,8.17,-3.75,11.53,1.03,0.1,8.25,FCC_SS
4.0,8.17,-3.75,11.53,1.03,0.1,8.25,FCC_SS
4.0,8.17,-3.75,11.53,1.03,0.1,8.25,FCC_SS
4.0,8.17,-3.75,11.53,1.03,0.1,8.25,FCC_SS
4.0,8.17,-3.75,11.53,1.03,0.1,8.25,FCC_SS
4.0,8.17,-3.75,11.53,1.03,0.1,8.25,FCC_SS
4.0,8.17,-3.75,11.53,1.03,0.1,8.25,FCC_SS
5.0,8.030897709,-3.4172,10.79468703,3.715774934,0.142942331,8.26,FCC_SS
5.0,8.030897709,-3.4172,10.79468703,3.715774934,0.142942331,8.26,FCC_SS
5.0,8.030897709,-3.4172,10.79468703,3.715774934,0.142942331,8.26,FCC_SS
4.0,7.760129907,-0.92,9.713640154,3.833181374,0.132075736,7.6,Im
4.0,7.760129907,-0.92,9.713640154,3.833181374,0.132075736,7.6,Im
5.0,8.030897709,-3.4172,10.79468703,3.715774934,0.142942331,8.26,FCC_SS
5.0,8.030897709,-3.4172,10.79468703,3.715774934,0.142942331,8.26,FCC_SS
4.0,7.715282655,-0.96,9.923722948,4.045008413,0.138289551,7.5,FCC_SS
5.0,8.03,-4.16,13.38,0.92,0.14,8.0,FCC_SS
5.0,7.889472741,-2.5472,12.48219162,3.302527895,0.129185758,7.72,Im
4.0,7.831889625,-1.76,11.07635214,3.316337271,0.124739729,7.6,Im
4.0,6.64,-5.0,11.53,7.84,0.12,4.75,Im
4.0,5.5,-16.25,11.53,3.3,0.03,4.25,Im
4.0,5.5,-16.25,11.53,3.3,0.03,4.25,Im
5.0,5.765972232,-14.56,13.38161053,5.90234915,0.039698866,4.6,Im
5.0,5.765972232,-14.56,13.38161053,5.90234915,0.039698866,4.6,Im
5.0,5.765972232,-14.56,13.38161053,5.90234915,0.039698866,4.6,Im
5.0,5.765972232,-14.56,13.38161053,5.90234915,0.039698866,4.6,Im
5.0,5.878231664,-13.6656,13.22901807,6.31973639,0.040764691,4.74,Im
5.0,5.878231664,-13.6656,13.22901807,6.31973639,0.040764691,4.74,Im
5.0,5.878231664,-13.6656,13.22901807,6.31973639,0.040764691,4.74,Im
5.0,5.878231664,-13.6656,13.22901807,6.31973639,0.040764691,4.74,Im
6.0,7.736324934,-5.1292,13.91569271,3.985354213,0.108064795,8.33,Im
6.0,7.736324934,-5.1292,13.91569271,3.985354213,0.108064795,8.33,Im
6.0,7.736324934,-5.1292,13.91569271,3.985354213,0.108064795,8.33,Im
6.0,7.736324934,-5.1292,13.91569271,3.985354213,0.108064795,8.33,Im
4.0,8.4,2.5,11.53,4.12,0.13,4.25,BCC_SS
5.0,8.023425953,-14.01996054,12.1095258,4.645486222,0.124723309,3.983957219,BCC_SS
5.0,8.174381019,-6.2225,12.6005248,4.920843689,0.131569314,4.1875,BCC_SS
5.0,8.078781404,-8.5281,12.8283229,4.93564939,0.132166181,4.1625,BCC_SS
5.0,7.934060192,-11.79,13.07655279,4.952975798,0.132898222,4.125,Im
5.0,7.836686778,-13.8336,13.19392083,4.961272793,0.133278806,4.1,Im
4.0,8.4,2.5,11.53,4.12,0.13,4.25,BCC_SS
5.0,8.023425953,-14.01996054,12.1095258,4.645486222,0.124723309,3.983957219,BCC_SS
5.0,8.174381019,-6.2225,12.6005248,4.920843689,0.131569314,4.1875,BCC_SS
5.0,8.078781404,-8.5281,12.8283229,4.93564939,0.132166181,4.1625,BCC_SS
5.0,7.934060192,-11.79,13.07655279,4.952975798,0.132898222,4.125,Im
5.0,7.836686778,-13.8336,13.19392083,4.961272793,0.133278806,4.1,Im
6.0,8.04843191,-4.53223594,12.87823209,2.824424341,0.100776138,8.481481481,Im
6.0,8.04843191,-4.53223594,12.87823209,2.824424341,0.100776138,8.481481481,FCC_SS
5.0,7.87,-7.01,12.26,3.42,0.11,8.28,FCC_SS
5.0,7.87,-7.01,12.26,3.42,0.11,8.28,FCC_SS
5.0,7.87,-7.01,12.26,3.42,0.11,8.28,Im
6.0,7.388644866,-13.9748,13.30361728,5.655462385,0.122434105,8.07,Im
6.0,7.388644866,-13.9748,13.30361728,5.655462385,0.122434105,8.07,Im
6.0,7.388644866,-13.9748,13.30361728,5.655462385,0.122434105,8.07,Im
6.0,7.388644866,-13.9748,13.30361728,5.655462385,0.122434105,8.07,Im
6.0,7.388644866,-13.9748,13.30361728,5.655462385,0.122434105,8.07,Im
6.0,7.388644866,-13.9748,13.30361728,5.655462385,0.122434105,8.07,Im
6.0,7.388644866,-13.9748,13.30361728,5.655462385,0.122434105,8.07,Im
6.0,7.388644866,-13.9748,13.30361728,5.655462385,0.122434105,8.07,Im
6.0,7.388644866,-13.9748,13.30361728,5.655462385,0.122434105,8.07,Im
6.0,7.733562964,-10.02975207,13.36783889,4.630363442,0.116865961,8.054545455,Im
6.0,7.733562964,-10.02975207,13.36783889,4.630363442,0.116865961,8.054545455,Im
6.0,7.733562964,-10.02975207,13.36783889,4.630363442,0.116865961,8.054545455,Im
6.0,7.733562964,-10.02975207,13.36783889,4.630363442,0.116865961,8.054545455,Im
6.0,7.733562964,-10.02975207,13.36783889,4.630363442,0.116865961,8.054545455,Im
6.0,7.733562964,-10.02975207,13.36783889,4.630363442,0.116865961,8.054545455,Im
5.0,5.785823445,-10.96,12.22898133,6.018491588,0.046861498,4.6,Im
5.0,5.785823445,-10.96,12.22898133,6.018491588,0.046861498,4.6,Im
5.0,5.785823445,-10.96,12.22898133,6.018491588,0.046861498,4.6,Im
5.0,5.785823445,-10.96,12.22898133,6.018491588,0.046861498,4.6,Im
6.0,8.87658935,-14.77777778,14.8975162,4.902772537,0.122610494,4.166666667,BCC_SS
6.0,7.826605251,-6.472337894,13.60418835,9.450575175,0.298721248,4.487804878,Im
6.0,7.704334843,-17.22011898,14.16626487,13.92424922,0.356784662,4.465116279,Im
6.0,7.56,-8.62,13.78,4.23,0.1,4.3,Im
6.0,7.56,-8.62,13.78,4.23,0.1,4.3,Im
6.0,7.56,-8.62,13.78,4.23,0.1,4.3,Im
6.0,7.56,-8.62,13.78,4.23,0.1,4.3,Im
6.0,7.56,-8.62,13.78,4.23,0.1,4.3,Im
6.0,7.56,-8.62,13.78,4.23,0.1,4.3,Im
6.0,7.750207975,-6.472337894,13.60418835,6.690756057,0.261445895,4.487804878,BCC_SS
6.0,7.491006993,-17.22011898,14.16626487,8.123389588,0.265227435,4.465116279,Im
6.0,7.255465216,-26.07407407,14.42664317,9.173947605,0.267807744,4.444444444,Im
6.0,7.040484702,-33.39067451,14.53503029,9.987340405,0.269467056,4.425531915,Im
6.0,6.84348575,-39.45022907,14.55068902,10.63629522,0.270411629,4.408163265,Im
6.0,8.485372575,-16.36560303,14.16626487,7.879095001,0.254130827,4.581395349,Im
6.0,7.91567082,-31.11815301,14.53503029,9.442048204,0.256563457,4.531914894,Im
6.0,7.91567082,-31.11815301,14.53503029,9.442048204,0.256563457,4.531914894,Im
6.0,8.485372575,-16.36560303,14.16626487,7.879095001,0.254130827,4.581395349,Im
6.0,7.91567082,-31.11815301,14.53503029,9.442048204,0.256563457,4.531914894,Im
6.0,7.91567082,-31.11815301,14.53503029,9.442048204,0.256563457,4.531914894,Im
4.0,5.5,-16.25,11.53,3.3,0.03,4.25,BCC_SS
4.0,5.5,-16.25,11.53,3.3,0.03,4.25,BCC_SS
5.0,9.9,2.72,13.38,4.01,0.12,4.4,BCC_SS
5.0,8.715853141,-3.358024691,13.14594406,6.252173849,0.326262032,4.555555556,BCC_SS
5.0,8.690997848,-3.041322314,13.2546386,5.94173945,0.295176093,4.636363636,BCC_SS
5.0,9.116872883,-3.75308642,13.14594406,6.387950115,0.325898568,4.666666667,BCC_SS
5.0,8.356539308,-2.776859504,13.2546386,5.842506078,0.295444755,4.545454545,BCC_SS
5.0,9.002336168,-2.765432099,13.14594406,5.864135514,0.313656256,4.666666667,BCC_SS
5.0,8.466689624,-3.438016529,13.2546386,6.187199337,0.304185676,4.545454545,BCC_SS
5.0,8.102239098,-3.950617284,13.14594406,6.098189914,0.310439752,4.666666667,BCC_SS
5.0,9.178313444,-2.644628099,13.2546386,6.040284007,0.306386565,4.545454545,BCC_SS
5.0,7.889823331,-0.25,12.96707842,5.730437906,0.258988417,4.5,BCC_SS
5.0,8.815544992,-2.644628099,13.2546386,6.336433278,0.338145159,4.727272727,BCC_SS
5.0,8.025760676,-4.16,13.38161053,3.269463577,0.138361844,8.0,FCC_SS
6.0,7.874730627,-5.265344,13.92912081,3.702725802,0.138701498,7.9,FCC_SS
6.0,7.726255054,-6.322176,14.24271136,4.070146924,0.138970293,7.8,FCC_SS
6.0,7.508191348,-7.816464,14.5537692,4.532785035,0.139241494,7.65,FCC_PLUS_BCC
6.0,7.436712419,-8.290304,14.62889906,4.66829647,0.13929684,7.6,FCC_PLUS_BCC
6.0,7.365825461,-8.752016,14.69270484,4.795875214,0.139334699,7.55,FCC_PLUS_BCC
6.0,7.295523151,-9.2016,14.74633953,4.916168464,0.139355086,7.5,FCC_PLUS_BCC
6.0,7.225798285,-9.639056,14.790722,5.029727668,0.139358008,7.45,FCC_PLUS_BCC
3.0,11.89198167,-4.888888889,9.134370237,2.227692479,0.290440279,5.333333333,BCC_SS
3.0,11.89198167,-4.888888889,9.134370237,2.227692479,0.290440279,5.333333333,BCC_SS
4.0,12.23957284,-5.367729531,10.3378776,2.262966135,0.312691537,5.367088608,BCC_SS
4.0,12.57506278,-5.753501249,10.91555652,2.287751991,0.329930963,5.399399399,BCC_SS
4.0,12.93135648,-6.083027711,11.27956173,2.30459934,0.344459613,5.433427762,BCC_SS
5.0,7.64,-7.27,12.83,3.49,0.11,7.88,FCC_SS
5.0,7.64,-7.27,12.83,3.49,0.11,7.88,Im
5.0,7.64,-7.27,12.83,3.49,0.11,7.88,Im
5.0,7.64,-7.27,12.83,3.49,0.11,7.88,FCC_SS
5.0,7.64,-7.27,12.83,3.49,0.11,7.88,Im
5.0,7.64,-7.27,12.83,3.49,0.11,7.88,Im
3.0,8.28,-4.89,9.13,1.12,0.11,8.33,FCC_SS
3.0,8.28,-4.89,9.13,1.12,0.11,8.33,FCC_SS
3.0,8.28,-4.89,9.13,1.12,0.11,8.33,FCC_SS
3.0,8.28,-4.89,9.13,1.12,0.11,8.33,FCC_SS
3.0,8.28,-4.89,9.13,1.12,0.11,8.33,FCC_SS
3.0,8.28,-4.89,9.13,1.12,0.11,8.33,FCC_SS
3.0,8.28,-4.89,9.13,1.12,0.11,8.33,FCC_SS
3.0,8.28,-4.89,9.13,1.12,0.11,8.33,FCC_SS
3.0,8.28,-4.89,9.13,1.12,0.11,8.33,FCC_SS
6.0,7.871764882,-6.26,13.37699643,2.403624139,0.113643082,7.95,FCC_SS
6.0,7.871764882,-6.26,13.37699643,2.403624139,0.113643082,7.95,FCC_SS
6.0,7.871764882,-6.26,13.37699643,2.403624139,0.113643082,7.95,FCC_SS
6.0,7.871764882,-6.26,13.37699643,2.403624139,0.113643082,7.95,FCC_SS
4.0,6.46945509,-0.25,11.52629192,7.048397669,0.117153745,4.5,BCC_SS
5.0,7.472144913,-4.702985534,13.15521366,6.665391778,0.306634347,4.947368421,BCC_SS
5.0,7.595944062,-4.777777778,12.97646755,6.581670059,0.314253967,5.0,BCC_SS
5.0,7.58,-6.75,14.87,5.27,0.13,8.14,Im
6.0,7.841713198,-3.702479339,14.69798576,4.822178394,0.122359719,8.363636364,Im
5.0,8.392548056,2.314049587,13.2546386,0.998633852,0.09046254,8.909090909,FCC_SS
7.0,6.555763738,-15.50094518,15.54594215,6.583863842,0.134073873,7.086956522,BCC_SS
7.0,6.647723986,-13.41666667,15.85804053,6.457723041,0.134091594,7.25,BCC_SS
5.0,9.9,2.72,13.38,4.01,0.12,4.4,BCC_SS
4.0,8.925666912,2.5,11.52629192,4.839726937,0.100343161,4.5,BCC_SS
3.0,9.975229265,3.111111111,9.134370237,1.064065164,0.041096093,4.666666667,BCC_SS
4.0,11.06,3.5,11.53,3.95,0.12,4.5,BCC_SS
5.0,7.43,-8.44,14.9,5.65,0.14,8.0,Im
6.0,7.080416317,-4.777777778,14.8975162,5.281130599,0.119082138,7.833333333,FCC_PLUS_BCC
7.0,7.130102456,-5.632653061,16.17919618,5.182612848,0.140378497,7.714285714,Im
7.0,6.594949257,-13.79591837,16.17919618,6.777886208,0.142571142,7.285714286,FCC_PLUS_BCC
7.0,6.927665216,-7.755102041,16.17919618,4.954076535,0.124997959,7.428571429,FCC_PLUS_BCC
5.0,7.994666565,0.8225,12.79604395,3.874411655,0.07690538,8.9,FCC_SS
5.0,8.03,-4.16,13.38,0.92,0.14,8.0,FCC_SS
5.0,7.929630605,-5.82,11.61262282,1.739286365,0.092714616,8.1,FCC_SS
5.0,7.930000747,-5.36,11.85892612,1.732527204,0.090138782,8.0,FCC_SS
5.0,7.930370606,-4.9,11.06508518,1.724828537,0.087384209,7.9,FCC_PLUS_BCC
4.0,7.93055543,-4.67,9.87162138,1.720623695,0.085934568,7.85,FCC_PLUS_BCC
5.0,7.929630605,-5.82,11.61262282,1.739286365,0.092714616,8.1,FCC_SS
5.0,7.930000747,-5.36,11.85892612,1.732527204,0.090138782,8.0,FCC_SS
5.0,7.930370606,-4.9,11.06508518,1.724828537,0.087384209,7.9,FCC_PLUS_BCC
4.0,7.93055543,-4.67,9.87162138,1.720623695,0.085934568,7.85,FCC_PLUS_BCC
5.0,8.06,0.16,13.38,6.08,0.14,4.4,BCC_SS
4.0,6.64,-5.0,11.53,7.84,0.12,4.75,BCC_SS
5.0,8.7,-1.6,13.38,5.06,0.31,4.6,BCC_SS
5.0,8.190507447,0.4375,12.96707842,6.440523166,0.134530433,4.25,BCC_SS
5.0,7.872809981,1.469387755,12.88596992,6.802239355,0.137410453,4.428571429,BCC_SS
5.0,8.569015185,-2.125,12.96707842,5.703787685,0.270497227,4.375,BCC_SS
5.0,9.309718284,0.875,12.96707842,4.862116278,0.118215904,4.25,BCC_SS
5.0,8.06,0.16,13.38,6.08,0.14,4.4,BCC_SS
4.0,7.668517459,-8.16,10.92382327,5.42081242,0.164890873,4.6,Im
3.0,9.975229265,3.111111111,9.134370237,1.064065164,0.041096093,4.666666667,BCC_SS
4.0,7.491418361,2.64,10.92382327,4.991703425,0.109859001,4.4,BCC_SS
4.0,6.594663456,-0.96,10.92382327,7.023519911,0.121082616,4.5,BCC_SS
4.0,7.668517459,-8.16,10.92382327,5.42081242,0.164890873,4.6,Im
3.0,9.975229265,3.111111111,9.134370237,1.064065164,0.041096093,4.666666667,BCC_SS
4.0,7.491418361,2.64,10.92382327,4.991703425,0.109859001,4.4,BCC_SS
4.0,6.594663456,-0.96,10.92382327,7.023519911,0.121082616,4.5,BCC_SS
4.0,7.668517459,-8.16,10.92382327,5.42081242,0.164890873,4.6,Im
3.0,9.975229265,3.111111111,9.134370237,1.064065164,0.041096093,4.666666667,BCC_SS
4.0,7.491418361,2.64,10.92382327,4.991703425,0.109859001,4.4,BCC_SS
4.0,6.594663456,-0.96,10.92382327,7.023519911,0.121082616,4.5,BCC_SS
4.0,7.668517459,-8.16,10.92382327,5.42081242,0.164890873,4.6,Im
5.0,9.321052015,-5.410493827,12.31867362,4.551487962,0.210254842,6.194444444,BCC_SS
4.0,10.65175637,-2.5,11.52629192,3.988919302,0.293001706,6.25,Im
6.0,9.910915715,1.888888889,12.41459683,19.05954827,0.246152806,3.666666667,Im
5.0,10.21042994,-1.92,13.38161053,6.087901644,0.311229819,4.6,BCC_SS
5.0,10.92817442,-1.12,13.38161053,6.301264119,0.311152696,4.8,BCC_SS
5.0,9.910915715,2.72,13.38161053,4.99441746,0.118253964,4.4,BCC_SS
6.0,9.910915715,1.888888889,12.41459683,19.05954827,0.246152806,3.666666667,Im
5.0,10.21042994,-1.92,13.38161053,6.087901644,0.311229819,4.6,BCC_SS
5.0,8.7,-1.6,13.38,5.06,0.31,4.6,Im
5.0,10.92817442,-1.12,13.38161053,6.301264119,0.311152696,4.8,BCC_SS
5.0,9.910915715,2.72,13.38161053,4.99441746,0.118253964,4.4,BCC_SS
6.0,9.910915715,1.888888889,12.41459683,19.05954827,0.246152806,3.666666667,Im
5.0,10.21042994,-1.92,13.38161053,6.087901644,0.311229819,4.6,BCC_SS
5.0,8.7,-1.6,13.38,5.06,0.31,4.6,Im
5.0,10.92817442,-1.12,13.38161053,6.301264119,0.311152696,4.8,BCC_SS
5.0,9.910915715,2.72,13.38161053,4.99441746,0.118253964,4.4,BCC_SS
6.0,9.910915715,1.888888889,12.41459683,19.05954827,0.246152806,3.666666667,Im
5.0,10.21042994,-1.92,13.38161053,6.087901644,0.311229819,4.6,BCC_SS
5.0,8.7,-1.6,13.38,5.06,0.31,4.6,Im
5.0,10.92817442,-1.12,13.38161053,6.301264119,0.311152696,4.8,BCC_SS
5.0,9.910915715,2.72,13.38161053,4.99441746,0.118253964,4.4,BCC_SS
4.0,8.17,-3.75,11.53,1.03,0.1,8.25,FCC_SS
4.0,8.17,-3.75,11.53,1.03,0.1,8.25,FCC_SS
4.0,8.17,-3.75,11.53,1.03,0.1,8.25,FCC_SS
4.0,8.17,-3.75,11.53,1.03,0.1,8.25,FCC_SS
3.0,8.28,-4.89,9.13,1.12,0.11,8.33,FCC_SS
3.0,8.28,-4.89,9.13,1.12,0.11,8.33,FCC_SS
3.0,8.28,-4.89,9.13,1.12,0.11,8.33,FCC_SS
2.0,8.9,0.0,5.763145962,0.200240288,0.015,9.5,FCC_SS
5.0,8.03,-4.16,13.38,0.92,0.14,8.0,FCC_SS
5.0,8.08813992,-4.1144,13.29411604,3.165958789,0.136417732,8.075,FCC_SS
5.0,7.924909869,-3.7232,13.22962036,3.262141651,0.135458481,7.76,FCC_PLUS_BCC
5.0,8.03,-4.16,13.38,0.92,0.14,8.0,FCC_SS
4.0,8.17,-3.75,11.53,1.03,0.1,8.25,FCC_PLUS_BCC
5.0,8.08813992,-4.1144,13.29411604,3.165958789,0.136417732,8.075,Im
5.0,7.924909869,-3.7232,13.22962036,3.262141651,0.135458481,7.76,Im
5.0,8.03,-4.16,13.38,0.92,0.14,8.0,Im
4.0,8.17,-3.75,11.53,1.03,0.1,8.25,Im
5.0,7.600816047,-1.42603584,5.77166321,4.314574455,0.128723899,7.6256,Im
5.0,7.617485589,-1.347568351,5.506526269,4.212506036,0.124537702,7.657028514,Im
6.0,7.410532259,-3.05526096,6.502275483,4.698428729,0.128831083,7.4995,Im
5.0,7.428940236,-10.99730873,11.05609168,4.444703117,0.118924761,8.019607843,Im
5.0,7.428940236,-10.99730873,11.05609168,4.444703117,0.118924761,8.019607843,Im
6.0,7.39262667,-12.4432,13.05208317,5.590999885,0.140858085,7.76,Im
6.0,7.39262667,-12.4432,13.05208317,5.590999885,0.140858085,7.76,Im
4.0,8.17,-3.75,11.53,1.03,0.1,8.25,FCC_SS
5.0,8.24,-3.9,12.2,1.96,0.11,8.2,FCC_SS
5.0,8.31,-4.04,12.57,2.51,0.12,8.14,FCC_SS
5.0,8.374393129,-4.153596539,12.82599837,2.377731963,0.127279646,8.093023256,Im
5.0,8.374393129,-4.153596539,12.82599837,2.377731963,0.127279646,8.093023256,Im
5.0,8.374393129,-4.153596539,12.82599837,2.377731963,0.127279646,8.093023256,Im
5.0,7.929630605,-5.82,11.61262282,1.739286365,0.092714616,8.1,FCC_SS
5.0,7.930000747,-5.36,11.85892612,1.732527204,0.090138782,8.0,Im
5.0,7.930370606,-4.9,11.06508518,1.724828537,0.087384209,7.9,Im
4.0,7.93055543,-4.67,9.87162138,1.720623695,0.085934568,7.85,Im
5.0,8.025760676,-4.16,13.38161053,3.269463577,0.138361844,8.0,FCC_SS
5.0,8.587067955,-4.2928,11.58277271,2.18471415,0.120166551,8.5,FCC_SS
5.0,8.587067955,-4.2928,11.58277271,2.18471415,0.120166551,8.5,FCC_SS
5.0,8.587067955,-4.2928,11.58277271,2.18471415,0.120166551,8.5,FCC_SS
5.0,8.587067955,-4.2928,11.58277271,2.18471415,0.120166551,8.5,FCC_SS
5.0,8.587067955,-4.2928,11.58277271,2.18471415,0.120166551,8.5,FCC_SS
5.0,6.068935026,-6.8576,11.29799536,5.289095698,0.109284766,4.24,BCC_SS
5.0,6.068935026,-6.8576,11.29799536,5.289095698,0.109284766,4.24,Im
5.0,6.068935026,-6.8576,11.29799536,5.289095698,0.109284766,4.24,BCC_SS
5.0,7.08,-11.94,12.91,5.38,0.12,7.7,Im
5.0,7.64,-7.27,12.83,3.49,0.11,7.88,FCC_SS
5.0,7.64,-7.27,12.83,3.49,0.11,7.88,Im
5.0,7.64,-7.27,12.83,3.49,0.11,7.88,Im
5.0,7.64,-7.27,12.83,3.49,0.11,7.88,Im
5.0,7.64,-7.27,12.83,3.49,0.11,7.88,Im
5.0,7.428940236,-10.99730873,11.05609168,4.444703117,0.118924761,8.019607843,FCC_SS
5.0,10.92817442,-1.12,13.38161053,6.301264119,0.311152696,4.8,BCC_SS
5.0,9.910915715,2.72,13.38161053,4.99441746,0.118253964,4.4,BCC_SS
5.0,9.910915715,2.72,13.38161053,4.99441746,0.118253964,4.4,BCC_SS
5.0,8.7,-1.6,13.38,5.06,0.31,4.6,Im
5.0,6.9501179,-12.0861034,11.29290282,7.007133,0.173422991,7.337941932,Im
5.0,6.9501179,-12.0861034,11.29290282,7.007133,0.173422991,7.337941932,Im
5.0,6.9501179,-12.0861034,11.29290282,7.007133,0.173422991,7.337941932,Im
4.0,6.992100479,-9.798,10.87153784,5.351956687,0.148163558,7.38,Im
4.0,6.992100479,-9.798,10.87153784,5.351956687,0.148163558,7.38,Im
4.0,6.992100479,-9.798,10.87153784,5.351956687,0.148163558,7.38,Im
5.0,8.190507447,0.4375,12.96707842,6.440523166,0.134530433,4.25,BCC_SS
5.0,8.190507447,0.4375,12.96707842,6.440523166,0.134530433,4.25,BCC_SS
5.0,7.872809981,1.469387755,12.88596992,6.802239355,0.137410453,4.428571429,BCC_SS
5.0,7.872809981,1.469387755,12.88596992,6.802239355,0.137410453,4.428571429,BCC_SS
5.0,8.569015185,-2.125,12.96707842,5.703787685,0.270497227,4.375,BCC_SS
5.0,8.569015185,-2.125,12.96707842,5.703787685,0.270497227,4.375,BCC_SS
5.0,9.309718284,0.875,12.96707842,4.862116278,0.118215904,4.25,BCC_SS
5.0,9.309718284,0.875,12.96707842,4.862116278,0.118215904,4.25,BCC_SS
6.0,7.21529413,-8.1781746,11.54335869,6.453990904,0.165555851,7.346191889,FCC_SS
6.0,7.21529413,-8.1781746,11.54335869,6.453990904,0.165555851,7.346191889,FCC_SS
6.0,7.21529413,-8.1781746,11.54335869,6.453990904,0.165555851,7.346191889,FCC_SS
6.0,7.21529413,-8.1781746,11.54335869,6.453990904,0.165555851,7.346191889,FCC_SS
6.0,7.21529413,-8.1781746,11.54335869,6.453990904,0.165555851,7.346191889,FCC_SS
6.0,7.21529413,-8.1781746,11.54335869,6.453990904,0.165555851,7.346191889,FCC_SS
6.0,7.21529413,-8.1781746,11.54335869,6.453990904,0.165555851,7.346191889,FCC_SS
4.0,6.482580111,-13.4844,11.29676653,5.708363976,0.14752071,6.98,Im
4.0,6.482580111,-13.4844,11.29676653,5.708363976,0.14752071,6.98,Im
4.0,6.482580111,-13.4844,11.29676653,5.708363976,0.14752071,6.98,Im
4.0,6.482580111,-13.4844,11.29676653,5.708363976,0.14752071,6.98,Im
4.0,6.482580111,-13.4844,11.29676653,5.708363976,0.14752071,6.98,Im
4.0,6.482580111,-13.4844,11.29676653,5.708363976,0.14752071,6.98,Im
4.0,6.482580111,-13.4844,11.29676653,5.708363976,0.14752071,6.98,Im
4.0,6.482580111,-13.4844,11.29676653,5.708363976,0.14752071,6.98,Im
4.0,6.482580111,-13.4844,11.29676653,5.708363976,0.14752071,6.98,Im
4.0,6.482580111,-13.4844,11.29676653,5.708363976,0.14752071,6.98,Im
4.0,13.64,-6.5,11.53,2.27,0.36,5.5,BCC_SS
4.0,13.64,-6.5,11.53,2.27,0.36,5.5,BCC_SS
5.0,12.36,-4.64,13.38,3.21,0.34,5.4,BCC_SS
5.0,12.36,-4.64,13.38,3.21,0.34,5.4,BCC_SS
3.0,8.28,-4.89,9.13,1.12,0.11,8.33,FCC_PLUS_BCC
4.0,8.293769544,-4.874118387,9.289246706,0.168045878,0.111272373,8.332225914,FCC_SS
3.0,8.28,-4.89,9.13,1.12,0.11,8.33,FCC_SS
5.0,8.03,-4.16,13.38,0.92,0.14,8.0,FCC_SS
3.0,8.28,-4.89,9.13,1.12,0.11,8.33,FCC_SS
5.0,8.03,-4.16,13.38,0.92,0.14,8.0,FCC_SS
5.0,8.03,-4.16,13.38,0.92,0.14,8.0,FCC_SS
6.0,7.99,-4.92,14.53,7.13,0.22,4.9,Im
6.0,7.99,-4.92,14.53,7.13,0.22,4.9,Im
6.0,7.99,-4.92,14.53,7.13,0.22,4.9,Im
5.0,7.15,-16.84,14.53,4.34,0.22,4.3,BCC_SS
3.0,9.975229265,1.333333333,9.134370237,1.064065164,0.041096093,4.666666667,BCC_SS
4.0,9.261337121,2.125,10.98247607,3.841219005,0.084103731,4.625,BCC_SS
6.0,7.544302414,-7.5184,14.40897963,4.345955752,0.130196621,7.71,Im
6.0,7.544302414,-7.5184,14.40897963,4.345955752,0.130196621,7.71,Im
6.0,7.544302414,-7.5184,14.40897963,4.345955752,0.130196621,7.71,Im
5.0,7.926436279,-7.346938776,12.56917544,3.658435996,0.111625792,8.047619048,Im
5.0,7.926436279,-7.346938776,12.56917544,3.658435996,0.111625792,8.047619048,Im
5.0,7.926436279,-7.346938776,12.56917544,3.658435996,0.111625792,8.047619048,Im
5.0,7.926436279,-7.346938776,12.56917544,3.658435996,0.111625792,8.047619048,Im
5.0,7.926436279,-7.346938776,12.56917544,3.658435996,0.111625792,8.047619048,Im
5.0,7.926436279,-7.346938776,12.56917544,3.658435996,0.111625792,8.047619048,Im
5.0,7.33,-9.09,13.15,4.22,0.11,7.67,FCC_PLUS_BCC
5.0,8.025996582,-3.768,13.17352896,3.255827217,0.136373714,7.93,FCC_SS
5.0,8.096366177,-3.886419753,13.10421444,2.58997738,0.123693618,8.077777778,FCC_SS
6.0,7.083622569,-11.94453931,13.2671945,5.422491548,0.124400344,7.652892562,Im
6.0,7.083622569,-11.94453931,13.2671945,5.422491548,0.124400344,7.652892562,Im
6.0,7.083622569,-11.94453931,13.2671945,5.422491548,0.124400344,7.652892562,Im
6.0,7.083622569,-11.94453931,13.2671945,5.422491548,0.124400344,7.652892562,Im
6.0,7.083622569,-11.94453931,13.2671945,5.422491548,0.124400344,7.652892562,Im
6.0,7.083622569,-11.94453931,13.2671945,5.422491548,0.124400344,7.652892562,Im
4.0,6.52433557,-1.777777778,10.58454586,6.956581546,0.123107902,4.222222222,BCC_SS
4.0,6.72390148,-0.4,12.22898133,6.682543255,0.12163881,4.3,BCC_SS
5.0,6.887990805,0.52892562,12.60229632,6.436207738,0.119627521,4.363636364,BCC_SS
4.0,6.52433557,-1.777777778,10.58454586,6.956581546,0.123107902,4.222222222,BCC_SS
4.0,6.72390148,-0.4,12.22898133,6.682543255,0.12163881,4.3,BCC_SS
5.0,6.887990805,0.52892562,12.60229632,6.436207738,0.119627521,4.363636364,BCC_SS
5.0,5.86780852,-13.75206612,13.2546386,6.288154515,0.040696417,4.727272727,Im
5.0,5.86780852,-13.75206612,13.2546386,6.288154515,0.040696417,4.727272727,Im
5.0,5.86780852,-13.75206612,13.2546386,6.288154515,0.040696417,4.727272727,Im
5.0,5.86780852,-13.75206612,13.2546386,6.288154515,0.040696417,4.727272727,Im
5.0,8.400470171,-6.826618379,11.59727816,2.462154283,0.103645634,8.659574468,FCC_SS
5.0,8.400470171,-6.826618379,11.59727816,2.462154283,0.103645634,8.659574468,FCC_SS
5.0,8.400470171,-6.826618379,11.59727816,2.462154283,0.103645634,8.659574468,FCC_SS
5.0,8.400470171,-6.826618379,11.59727816,2.462154283,0.103645634,8.659574468,FCC_SS
5.0,8.400470171,-6.826618379,11.59727816,2.462154283,0.103645634,8.659574468,FCC_SS
6.0,7.432029989,-14.63666667,12.91925854,5.631744257,0.12911663,8.091666667,Im
6.0,7.432029989,-14.63666667,12.91925854,5.631744257,0.12911663,8.091666667,Im
6.0,7.432029989,-14.63666667,12.91925854,5.631744257,0.12911663,8.091666667,Im
6.0,7.432029989,-14.63666667,12.91925854,5.631744257,0.12911663,8.091666667,Im
6.0,7.432029989,-14.63666667,12.91925854,5.631744257,0.12911663,8.091666667,Im
5.0,8.511396386,0.980655458,11.45272946,4.491803564,0.114630243,4.099722992,BCC_SS
4.0,7.690438695,-0.882,9.650030892,4.092070055,0.1392543,7.46,FCC_SS
5.0,7.372379037,-7.5744,12.62984004,4.429915505,0.103058187,7.65,Im
5.0,7.372379037,-7.5744,12.62984004,4.429915505,0.103058187,7.65,Im
5.0,7.372379037,-7.5744,12.62984004,4.429915505,0.103058187,7.65,Im
5.0,7.372379037,-7.5744,12.62984004,4.429915505,0.103058187,7.65,Im
5.0,7.372379037,-7.5744,12.62984004,4.429915505,0.103058187,7.65,Im
5.0,8.374393129,-4.153596539,12.82599837,2.377731963,0.127279646,8.093023256,Im
5.0,7.64,-7.27,12.83,3.49,0.11,7.88,Im
5.0,7.372379037,-7.5744,12.62984004,4.429915505,0.103058187,7.65,Im
5.0,7.372379037,-7.5744,12.62984004,4.429915505,0.103058187,7.65,Im
5.0,7.372379037,-7.5744,12.62984004,4.429915505,0.103058187,7.65,Im
5.0,7.372379037,-7.5744,12.62984004,4.429915505,0.103058187,7.65,Im
5.0,7.372379037,-7.5744,12.62984004,4.429915505,0.103058187,7.65,Im
5.0,7.372379037,-7.5744,12.62984004,4.429915505,0.103058187,7.65,Im
5.0,7.372379037,-7.5744,12.62984004,4.429915505,0.103058187,7.65,Im
5.0,7.372379037,-7.5744,12.62984004,4.429915505,0.103058187,7.65,Im
5.0,7.372379037,-7.5744,12.62984004,4.429915505,0.103058187,7.65,Im
4.0,8.702267947,-3.2,13.38161053,6.097271121,0.309554519,4.6,BCC_SS
5.0,7.268615152,-2.602076125,12.70837022,6.316335052,0.297856239,4.764705882,BCC_SS
5.0,7.219283319,-2.666666667,13.14594406,6.554204762,0.289524941,4.777777778,BCC_SS
5.0,7.173980851,-2.703601108,13.33280622,6.727569386,0.281855742,4.789473684,BCC_SS
5.0,7.132233447,-2.72,13.38161053,6.853413663,0.274765354,4.8,BCC_SS
5.0,7.057851752,-2.710743802,13.2546386,7.005904617,0.262054817,4.818181818,BCC_SS
5.0,6.993560446,-2.666666667,12.97646755,7.071199247,0.250959271,4.833333333,BCC_SS
5.0,7.32253895,-2.5,11.52629192,5.98801153,0.306950729,4.75,BCC_SS
5.0,7.64,-7.27,12.83,3.49,0.11,7.88,Im
5.0,7.64,-7.27,12.83,3.49,0.11,7.88,Im
5.0,7.64,-7.27,12.83,3.49,0.11,7.88,Im
5.0,7.64,-7.27,12.83,3.49,0.11,7.88,Im
4.0,7.760129907,-0.92,9.713640154,3.833181374,0.132075736,7.6,FCC_PLUS_BCC
4.0,7.760129907,-0.92,9.713640154,3.833181374,0.132075736,7.6,FCC_PLUS_BCC
4.0,7.760129907,-0.92,9.713640154,3.833181374,0.132075736,7.6,FCC_PLUS_BCC
4.0,7.760129907,-0.92,9.713640154,3.833181374,0.132075736,7.6,FCC_PLUS_BCC
4.0,7.760129907,-0.92,9.713640154,3.833181374,0.132075736,7.6,FCC_PLUS_BCC
4.0,7.760129907,-0.92,9.713640154,3.833181374,0.132075736,7.6,FCC_PLUS_BCC
5.0,7.64,-7.27,12.83,3.49,0.11,7.88,Im
5.0,7.64,-7.27,12.83,3.49,0.11,7.88,Im
5.0,7.64,-7.27,12.83,3.49,0.11,7.88,Im
5.0,7.64,-7.27,12.83,3.49,0.11,7.88,FCC_SS
5.0,7.64,-7.27,12.83,3.49,0.11,7.88,FCC_SS
5.0,7.64,-7.27,12.83,3.49,0.11,7.88,Im
5.0,7.64,-7.27,12.83,3.49,0.11,7.88,Im
5.0,7.64,-7.27,12.83,3.49,0.11,7.88,FCC_SS
5.0,7.64,-7.27,12.83,3.49,0.11,7.88,Im
6.0,9.910915715,1.888888889,12.41459683,19.05954827,0.246152806,3.666666667,BCC_SS
4.0,6.614401443,-13.75,11.52629192,6.237363717,0.117553179,7.5,BCC_SS
4.0,8.612248127,2.375,10.98247607,5.234209818,0.103855368,4.375,BCC_SS
4.0,8.362092405,2.44,11.44258394,4.780298313,0.100869966,4.45,BCC_SS
4.0,7.796933033,2.36,11.18422299,4.717914152,0.101354576,4.4,BCC_SS
4.0,7.2301821,2.26,10.72500744,4.65247045,0.101797593,4.35,BCC_SS
4.0,6.661832874,2.14,9.996163975,4.583851177,0.10219956,4.3,BCC_SS
5.0,5.76,-17.44,13.38,5.53,0.11,4.2,BCC_SS
5.0,5.540863957,-16.75193337,12.198543,4.420373774,0.052617394,4.243902439,Im
5.0,5.587998462,-17.38408304,12.70837022,4.966561777,0.070332871,4.235294118,Im
5.0,5.65713141,-18.17283951,13.14594406,5.607337231,0.089083121,4.222222222,Im
5.0,5.76,-17.44,13.38,5.53,0.11,4.2,Im
5.0,5.853909651,-19.30578512,13.2546386,6.72027796,0.121437669,4.181818182,Im
5.0,5.76,-17.44,13.38,5.53,0.11,4.2,BCC_SS
5.0,5.540863957,-16.75193337,12.198543,4.420373774,0.052617394,4.243902439,Im
5.0,5.587998462,-17.38408304,12.70837022,4.966561777,0.070332871,4.235294118,Im
5.0,5.65713141,-18.17283951,13.14594406,5.607337231,0.089083121,4.222222222,Im
5.0,5.76,-17.44,13.38,5.53,0.11,4.2,Im
5.0,5.853909651,-19.30578512,13.2546386,6.72027796,0.121437669,4.181818182,Im
5.0,6.72,-12.32,13.38,5.25,0.12,7.2,Im
5.0,6.72,-12.32,13.38,5.25,0.12,7.2,BCC_SS
5.0,6.72,-12.32,13.38,5.25,0.12,7.2,Im
5.0,6.72,-12.32,13.38,5.25,0.12,7.2,Im
5.0,7.817928465,-10.74380165,12.85913616,4.885035952,0.121865662,8.090909091,BCC_SS
4.0,6.26,-11.5,11.53,6.2,0.11,6.5,FCC_SS
5.0,6.72,-12.32,13.38,5.25,0.12,7.2,FCC_PLUS_BCC
5.0,7.35,-7.14,11.89,4.41,0.1,7.5,FCC_PLUS_BCC
5.0,7.08,-8.55,11.86,5.13,0.1,7.38,FCC_PLUS_BCC
6.0,7.871764882,-6.26,13.37699643,2.403624139,0.113643082,7.95,FCC_SS
3.0,8.28,-4.89,9.13,1.12,0.11,8.33,FCC_SS
3.0,8.28,-4.89,9.13,1.12,0.11,8.33,FCC_SS
3.0,8.28,-4.89,9.13,1.12,0.11,8.33,FCC_SS
3.0,8.28,-4.89,9.13,1.12,0.11,8.33,FCC_SS
5.0,8.03,-4.16,13.38,0.92,0.14,8.0,FCC_SS
5.0,8.03,-4.16,13.38,0.92,0.14,8.0,FCC_SS
5.0,8.03,-4.16,13.38,0.92,0.14,8.0,FCC_SS
5.0,8.03,-4.16,13.38,0.92,0.14,8.0,FCC_SS
5.0,8.03,-4.16,13.38,0.92,0.14,8.0,FCC_SS
5.0,8.03,-4.16,13.38,0.92,0.14,8.0,FCC_SS
5.0,8.03,-4.16,13.38,0.92,0.14,8.0,FCC_SS
5.0,8.03,-4.16,13.38,0.92,0.14,8.0,FCC_SS
5.0,8.03,-4.16,13.38,0.92,0.14,8.0,FCC_SS
5.0,8.03,-4.16,13.38,0.92,0.14,8.0,FCC_SS
5.0,8.03,-4.16,13.38,0.92,0.14,8.0,FCC_SS
5.0,8.03,-4.16,13.38,0.92,0.14,8.0,FCC_SS
5.0,8.03,-4.16,13.38,0.92,0.14,8.0,FCC_SS
5.0,8.03,-4.16,13.38,0.92,0.14,8.0,FCC_SS
5.0,8.03,-4.16,13.38,0.92,0.14,8.0,FCC_SS
5.0,8.03,-4.16,13.38,0.92,0.14,8.0,FCC_SS
5.0,8.03,-4.16,13.38,0.92,0.14,8.0,FCC_SS
5.0,8.03,-4.16,13.38,0.92,0.14,8.0,FCC_SS
5.0,8.03,-4.16,13.38,0.92,0.14,8.0,FCC_SS
5.0,8.03,-4.16,13.38,0.92,0.14,8.0,FCC_SS
5.0,8.03,-4.16,13.38,0.92,0.14,8.0,FCC_SS
5.0,8.03,-4.16,13.38,0.92,0.14,8.0,FCC_SS
5.0,8.03,-4.16,13.38,0.92,0.14,8.0,FCC_SS
5.0,8.03,-4.16,13.38,0.92,0.14,8.0,FCC_SS
5.0,8.03,-4.16,13.38,0.92,0.14,8.0,FCC_SS
5.0,8.03,-4.16,13.38,0.92,0.14,8.0,FCC_SS
4.0,9.181279636,-0.25,11.52629192,3.93470745,0.050682837,4.75,BCC_SS
5.0,9.9,2.72,13.38,4.01,0.12,4.4,BCC_SS
4.0,6.46,-0.25,11.53,6.03,0.12,4.5,BCC_SS
5.0,5.76,-17.44,13.38,5.53,0.11,4.2,BCC_SS
5.0,3.642828346,-1.0,11.52629192,8.457736664,0.206514981,5.125,FCC_SS
5.0,8.03,-4.16,13.38,0.92,0.14,8.0,FCC_SS
5.0,8.03,-4.16,13.38,0.92,0.14,8.0,FCC_SS
5.0,8.03,-4.16,13.38,0.92,0.14,8.0,Im
4.0,2.758252995,-0.7424,4.293979962,3.906426222,0.100828766,3.24,Im
4.0,2.756890625,-0.975476,4.460017456,4.061900885,0.102267781,3.243,Im
4.0,2.755365447,-1.203718853,4.581574318,4.205199849,0.103531114,3.245264207,Im
4.0,2.753851129,-1.429225838,4.689506614,4.342453637,0.10476355,3.247514911,Im
5.0,2.752347554,-1.652033581,4.788470698,4.474232394,0.105966377,3.24975223,Im
5.0,7.994666565,0.8225,12.79604395,3.874411655,0.07690538,8.9,FCC_SS
4.0,8.17,-3.75,11.53,1.03,0.1,8.25,FCC_SS
5.0,8.942647568,-4.457025,12.8283229,3.881836786,0.142748021,8.0925,FCC_SS
7.0,11.08932892,-2.93877551,16.17919618,6.024071519,0.38134563,4.857142857,BCC_SS
7.0,11.08932892,-2.93877551,16.17919618,6.024071519,0.38134563,4.857142857,BCC_SS
7.0,11.08932892,-2.93877551,16.17919618,6.024071519,0.38134563,4.857142857,BCC_SS
5.0,9.9,2.72,13.38,4.01,0.12,4.4,BCC_SS
5.0,9.9,2.72,13.38,4.01,0.12,4.4,BCC_SS
5.0,9.9,2.72,13.38,4.01,0.12,4.4,BCC_SS
5.0,9.9,2.72,13.38,4.01,0.12,4.4,BCC_SS
6.0,11.20730067,-3.222222222,14.8975162,5.720897965,0.354483192,4.666666667,BCC_SS
6.0,11.20730067,-3.222222222,14.8975162,5.720897965,0.354483192,4.666666667,BCC_SS
6.0,11.20730067,-3.222222222,14.8975162,5.720897965,0.354483192,4.666666667,BCC_SS
5.0,9.37,-2.56,13.38,3.34,0.24,5.0,Im
5.0,8.33,3.2,13.38,1.07,0.09,8.8,FCC_SS
5.0,8.33,3.2,13.38,1.07,0.09,8.8,FCC_SS
5.0,8.33,3.2,13.38,1.07,0.09,8.8,FCC_SS
5.0,8.33,3.2,13.38,1.07,0.09,8.8,FCC_SS
5.0,8.33,3.2,13.38,1.07,0.09,8.8,FCC_SS
5.0,8.33,3.2,13.38,1.07,0.09,8.8,FCC_SS
4.0,7.692890375,-3.52,11.07635214,3.283574153,0.129830659,7.4,FCC_PLUS_BCC
5.0,7.781753766,-1.6,12.32940863,3.268190907,0.134551106,7.65,FCC_PLUS_BCC
5.0,7.870791909,0.08,12.94655784,3.248790727,0.138072445,7.9,FCC_PLUS_BCC
5.0,7.960005317,1.52,13.27656913,3.225328437,0.140484875,8.15,FCC_PLUS_BCC
5.0,8.04,2.72,13.38,0.92,0.14,8.4,FCC_PLUS_BCC
5.0,8.04,2.72,13.38,0.92,0.14,8.4,FCC_PLUS_BCC
5.0,8.344238564,3.2,13.38161053,1.033203661,0.092217135,8.8,FCC_SS
5.0,8.04,2.72,13.38,0.92,0.14,8.4,Im
5.0,8.050041276,4.16,13.38161053,3.14703294,0.136323146,8.2,FCC_PLUS_BCC
6.0,6.44,-17.92,14.7,6.12,0.13,6.91,BCC_SS
5.0,8.906166192,-3.537414966,12.56917544,2.065570286,0.148759039,8.142857143,FCC_SS
5.0,9.827912573,-3.259259259,13.14594406,3.012227708,0.192642444,8.0,Im
4.0,,2.5,11.53,3.75,3.92,4.5,BCC_SS
5.0,,1.26,12.6,3.96,3.81,4.575,BCC_SS
5.0,,0.135,13.08,4.13,3.7,4.65,BCC_SS
5.0,,-0.87,13.31194683,4.27,3.57,4.725,BCC_SS
5.0,,-1.76,13.38161053,4.38,3.44,4.8,BCC_SS
5.0,6.72,-12.32,13.38,5.25,0.12,7.2,BCC_SS
5.0,6.72,-12.32,13.38,5.25,0.12,7.2,BCC_SS
5.0,6.72,-12.32,13.38,5.25,0.12,7.2,Im
5.0,6.72,-12.32,13.38,5.25,0.12,7.2,Im
5.0,6.72,-12.32,13.38,5.25,0.12,7.2,Im
5.0,6.72,-12.32,13.38,5.25,0.12,7.2,Im
3.0,8.28,-4.89,9.13,1.12,0.11,8.33,FCC_SS
6.0,7.600796932,-2.650887574,16.00634718,4.425912803,0.13887545,8.076923077,FCC_PLUS_BCC
3.0,9.975229265,3.111111111,9.134370237,1.064065164,0.041096093,4.666666667,BCC_SS
3.0,9.175686665,2.666666667,9.134370237,4.289381563,0.129614814,4.333333333,BCC_SS
4.0,11.06,3.5,11.53,3.95,0.12,4.5,BCC_SS
4.0,11.06,3.5,11.53,3.95,0.12,4.5,BCC_SS
4.0,11.06,3.5,11.53,3.95,0.12,4.5,BCC_SS
4.0,11.06,3.5,11.53,3.95,0.12,4.5,BCC_SS
4.0,11.06,3.5,11.53,3.95,0.12,4.5,BCC_SS
5.0,9.9,2.72,13.38,4.01,0.12,4.4,BCC_SS
5.0,9.9,2.72,13.38,4.01,0.12,4.4,BCC_SS
5.0,9.9,2.72,13.38,4.01,0.12,4.4,BCC_SS
5.0,9.9,2.72,13.38,4.01,0.12,4.4,BCC_SS
3.0,8.28,-4.89,9.13,1.12,0.11,8.33,FCC_SS
3.0,8.28,-4.89,9.13,1.12,0.11,8.33,FCC_SS
3.0,8.28,-4.89,9.13,1.12,0.11,8.33,FCC_SS
3.0,8.28,-4.89,9.13,1.12,0.11,8.33,FCC_SS
3.0,8.28,-4.89,9.13,1.12,0.11,8.33,FCC_SS
3.0,8.28,-4.89,9.13,1.12,0.11,8.33,FCC_SS
3.0,8.28,-4.89,9.13,1.12,0.11,8.33,FCC_SS
3.0,8.28,-4.89,9.13,1.12,0.11,8.33,FCC_SS
5.0,8.025760676,-4.16,13.38,0.92,0.14,8.0,FCC_SS
5.0,10.77298381,-7.04,13.38161053,7.65394798,0.355662762,5.0,Im
5.0,10.77298381,-7.04,13.38161053,7.65394798,0.355662762,5.0,Im
5.0,10.77298381,-7.04,13.38161053,7.65394798,0.355662762,5.0,Im
5.0,10.77298381,-7.04,13.38161053,7.65394798,0.355662762,5.0,Im
6.0,7.388644866,-13.9748,13.30361728,5.655462385,0.122434105,8.07,Im
6.0,7.388644866,-13.9748,13.30361728,5.655462385,0.122434105,8.07,Im
6.0,7.388644866,-13.9748,13.30361728,5.655462385,0.122434105,8.07,Im
6.0,7.388644866,-13.9748,13.30361728,5.655462385,0.122434105,8.07,Im
6.0,7.388644866,-13.9748,13.30361728,5.655462385,0.122434105,8.07,Im
6.0,7.388644866,-13.9748,13.30361728,5.655462385,0.122434105,8.07,Im
6.0,7.388644866,-13.9748,13.30361728,5.655462385,0.122434105,8.07,Im
6.0,7.388644866,-13.9748,13.30361728,5.655462385,0.122434105,8.07,Im
7.0,7.474871348,-14.2653,13.46867203,5.828183,0.126940685,8.075,Im
7.0,7.474871348,-14.2653,13.46867203,5.828183,0.126940685,8.075,Im
7.0,7.474871348,-14.2653,13.46867203,5.828183,0.126940685,8.075,Im
7.0,7.474871348,-14.2653,13.46867203,5.828183,0.126940685,8.075,Im
7.0,7.474871348,-14.2653,13.46867203,5.828183,0.126940685,8.075,Im
5.0,5.76,-17.44,13.38,5.53,0.11,4.2,Im
5.0,6.72,-12.32,13.38,5.25,0.12,7.2,Im
5.0,12.36,-4.64,13.38,3.21,0.34,5.4,Im
5.0,12.36,-4.64,13.38,3.21,0.34,5.4,Im
5.0,12.36,-4.64,13.38,3.21,0.34,5.4,Im
5.0,8.025760676,-4.16,13.38,0.92,0.14,8.0,Im
6.0,6.44,-17.92,14.7,6.12,0.13,6.91,Im
5.0,8.025760676,-4.16,13.38161053,3.269463577,0.138361844,8.0,FCC_SS
5.0,8.161002668,-4.76,11.76515168,1.823651253,0.116510729,8.35,FCC_SS
5.0,8.161002668,-4.76,11.76515168,1.823651253,0.116510729,8.35,FCC_SS
5.0,8.262592345,-4.84,11.76515168,1.801258717,0.118299408,8.45,FCC_SS
4.0,8.083310469,-4.005,10.39680622,2.534584435,0.118417693,8.35,BCC_SS
6.0,7.221917382,-11.27873016,12.94078723,5.306087331,0.132894994,7.666666667,Im
6.0,7.557719697,-9.7426,12.51380718,4.78716918,0.131911296,7.91,Im
6.0,7.5808311,-10.0974,12.4927989,4.853637233,0.13300812,7.92,Im
5.0,7.379340731,-13.91608889,12.02945239,5.411474587,0.133739693,7.656666667,Im
5.0,7.356273335,-13.68622222,12.01753385,5.354330012,0.132645576,7.646666667,Im
4.0,7.715282655,-0.96,9.923722948,4.045008413,0.138289551,7.5,FCC_SS
4.0,7.715282655,-0.96,9.923722948,4.045008413,0.138289551,7.5,FCC_SS
4.0,7.715282655,-0.96,9.923722948,4.045008413,0.138289551,7.5,FCC_SS
5.0,7.799244898,-2.716658499,10.58348832,7.100593467,0.189878646,7.912175649,FCC_SS
5.0,7.799244898,-2.716658499,10.58348832,7.100593467,0.189878646,7.912175649,FCC_SS
5.0,7.799244898,-2.716658499,10.58348832,7.100593467,0.189878646,7.912175649,FCC_SS
5.0,7.752467648,-5.0098336,10.80200824,8.239192249,0.206948439,7.868,FCC_SS
5.0,7.752467648,-5.0098336,10.80200824,8.239192249,0.206948439,7.868,FCC_SS
5.0,7.752467648,-5.0098336,10.80200824,8.239192249,0.206948439,7.868,FCC_SS
5.0,8.04,2.72,13.38,0.92,0.14,8.4,FCC_PLUS_BCC
5.0,8.04,2.72,13.38,0.92,0.14,8.4,FCC_PLUS_BCC
5.0,8.04,2.72,13.38,0.92,0.14,8.4,FCC_PLUS_BCC
5.0,8.04,2.72,13.38,0.92,0.14,8.4,FCC_PLUS_BCC
5.0,8.04,2.72,13.38,0.92,0.14,8.4,FCC_PLUS_BCC
5.0,8.04,2.72,13.38,0.92,0.14,8.4,FCC_PLUS_BCC
6.0,6.907779873,-17.9925,13.66654467,10.00289075,0.202181694,7.25,Im
7.0,6.225147655,-12.88888889,14.8975162,6.364112905,0.146969385,6.666666667,Im
7.0,6.873171571,-3.777777778,14.8975162,5.337100511,0.137042167,7.333333333,FCC_PLUS_BCC
5.0,2.66,-2.7,8.34,6.19,0.16,3.46,Im
5.0,2.74,-2.52,8.06,5.96,0.16,3.51,Im
5.0,2.77,-2.3,7.7,5.67,0.15,3.55,Im
,,,,,,,
